ID,Language_ID,Primary_Text,Analyzed_Word,Gloss,Translated_Text,Meta_Language_ID,Comment,Part_Of_Speech,Source,Media_ID,Discont_NP,Syntactic_Role
dados-07-frog-story-marciano-p-089-015,tri,"Atï=hpe sen, tahken, pïtai tahken menen pïtai=rë, pïtai, boota sen.",atï	hpe	senï	tahkene	pïtai	tahkene	m-ene-0-n	pïtai	rë	pïtai	boota	senï,wh.In	Indef	3InPx	maybe	shoe	maybe	2A-see-Pres-Dbt	shoe	Idtf	shoe	boot	3InPx,"What is that, maybe, a shoe maybe, do you see, it's really a shoe, a shoe, it's a boot.",,pïtai 'shoe' twice,Intrg	Ptc	DPro	Ptc	N	Ptc	V	N	Ptc	N	N	DPro	…,meiraDBtrio,,?,
dados-07-frog-story-marciano-p-089-032,tri,"mëe nïtën okomo awekïï=ton, ir=apo.",mëe	nï-të-0-n	okomo	awekïï	ton	irë	apo,3AnPx	3Sa-go-Pres-Dbt	wasp	bee.sp	Col	3InAna	like,"they went, the bees, like that.",,[*mëe*] V [okomo awekïï=ton],DPro	V	N	N	Ptc	Pro	Pp	…,meiraDBtrio,,y,s
dados-07-frog-story-marciano-p-089-037,tri,"irëme mëe kaikui sokanme nee=neejan, eekaa=se.",irëme	mëe	kaikui	sokanme	E.RD-n-ee-ja-n	0-eeka-0	se,so	3AnPx	dog	standing	Iter-3Sa-Cop-Pres-Dbt	3-bite-G	Desid,"then this one, the dog, stood up, (he) wanted to bite it (= the beehive).",,,Ptc	DPro	N	A	V	N	Pp	…,meiraDBtrio,,np,
dados-07-frog-story-marciano-p-091-045,tri,Oota ene=marë tïwënaanuuse wewe serë mono tootake teese.,oota	0-ene-0	marë	tï-w-ënaanuu-se	wewe	serë	mono	t-oota-ke	t-0-ee-se,hole	3O-see-Sup	too	Pst-Sa-go.up-Pst	tree	3InPx	big	T-hole-Having	Pst-Sa-Cop-Pst,"He climbed up to see the hole, this big tree had a hole.  ",,,N	A	Ptc	V	N	DPro	N	A	V	…,meiraDBtrio,,np,
dados-07-frog-story-marciano-p-091-047,tri,"Irënpë=pëe wewe tootaken=pëe teepatakae, jeepurutu",irë-npë	pëe	wewe	t-oota-ke-n	pëe	t-V:-e-pataka-e	jeepurutu,3InAna-Pst	from	tree	T-hole-Having-Ent	from	Pst-Sa-Detr-take.out-Pst	owl.sp,"Then from the tree with a whole came, an owl,  ",,Very interesting that *wewe* does not have a postposition.,Pro	Pp	N	N	Pp	V	N	…,meiraDBtrio,,np_arg,?
dados-07-frog-story-marciano-p-093-094,tri,Mëe=ja tïtomekae entupisi=ja përëru tïtomekae,mëe	ja	tï-tomeka-e	0-entu-pisi	ja	përëru	tï-tomeka-e,3AnPx	Agt	Pst-get?-Pst	3-owner-Dim	Agt	toad.sp	Pst-get?-Pst,"He took it, his little owner took the frog",,Actually two clauses.,DPro	Pp	V	N	Pp	N	V	…,meiraDBtrio,,n,
dados-09-kereramake-p-033-075,tri,"(Ape) Ma, kiiponoojati Përëpërëwa kïtamuu=kon,",Ape	ma	kii-ponoo-ja-ti	Përëpërëwa	kï-tamu-V:	kon,Ape	Attn	1+2A-tell-Pres-Col	Përëpërëwa	1+2-grandpa-Psfx	P.col,"(Ape) Well, we are telling (the story of) Përëpërëwa our ancestor,  ",,Rare “NP” (with personal name),N	Ptc	V	N	N	Ptc	…,meiraDBtrio,,np,
dados-09-kereramake-p-033-077,tri,"(Ape) iwëtïrïhpë nërë kïtamuu=kon, Përëpërëwa.",Ape	i-w-ëtï-rï-0-hpë	nërë	kï-tamu-V:	kon	Përëpërëwa,Ape	3-Sa-Detr-make-G-P.pst	3AnAna	1+2-grandpa-Psfx	P.col	Përëpërëwa,"(Ape) he is the one who made himself, our ancestor, Përëpërëwa.  ",,Rare “NP” (with personal name),N	N	Pro	N	Ptc	N	…,meiraDBtrio,,np,
dados-09-kereramake-p-041-269,tri,"(Ape) Neejan mono kanawa tïïkae, irë=hkaasan kurano,",Ape	n-ee-ja-n	mono	kanawa	tï-V:-ka-e	irë	hkaasan	kura-no,Ape	3Sa-come-Pres-Dbt	big	canoe	Pst-Sa-say-Pst	3InAna	instead	good-Ent,"(Ape) 'A big canoe is coming', (she) said, 'that is good (= i.e. not the one you have),'",,Is the second clause NVP?,N	V	N	N	V	Pro	Ptc	N	…,meiraDBtrio,,np,
dados-09-kereramake-p-041-270,tri,"(Ape) sen=nai... tuna mono juuwë iitën=mahtao, nemanakan tïïkae.",Ape	sen	n-ai	tuna	mono	juuwë	i-V:-të-0-n	mahtao	n-e-manaka-0-n	tï-V:-ka-e,Ape	3InPx	3Sa-Cop	water	big	on	3-Sa-go-G-?	when	3Sa-Detr-roll-Pres-Dbt	Pst-Sa-say-Pst,"(Ape) 'This one is... when it's on a big river, it turns,' (she) said.",,"*tuna mono juuwë*, N N POSTP!",N	DPro	V	N	N	Pp	N	Ptc	V	V	…,meiraDBtrio,,np_arg,
dados-09-kereramake-p-043-278,tri,(Ape) Wëën... mëërë teetainkae tamutupë.,Ape	wëën	mëërë	t-V:-etainka-e	tamutupë,Ape	run	3AnMd	Pst-Sa-run-Pst	old.man,"(Ape) /wëën/... that one ran, the old man (= i.e. Përëpërëwa).  ",,[*mëërë*] V [tamutupë],N	Ideo	DPro	V	N	…,meiraDBtrio,,y,s
dados-09-kereramake-p-045-323,tri,(Ape) Ëwë aamuurëtoo=me mëërë=ja kaikë=ja.,Ape	ëwë	0-aamuurë-too	me	mëërë	ja	kaikë	ja,Ape	later	3-harass-Circ	Ess	3AnMd	Agt	fox	Agt,(Ape) (They were) later to be harassed by the fox.,,[mëërë *ja*] [kaike *ja*],N	A	N	Ptc	DPro	Pp	N	Pp	…,meiraDBtrio,,posp,a
dados-09-kereramake-p-045-324,tri,(Ape) Nërë=ja tënëtoo=me mëërë wërinpë.,Ape	nërë	ja	t-ënë-too	me	mëërë	wëri-npë,Ape	3AnAna	Agt	Gen-eat.meat-Circ	Ess	3AnMd	woman-Pst,(Ape) The woman (is to) be eaten by him.,,,N	Pro	Pp	N	Ptc	DPro	N	…,meiraDBtrio,,np,
dados-07-frog-story-marciano-p-093-096,tri,"Mëesamo=inëërë përëru=ton tïwëtakaase=ken,",mëesamo	inëërë	përëru	ton	tï-w-ët-akaa-se	ken,3AnPxCl	really	toad.sp	Col	Pst-Sa-Detr-put.in.order-Pst	Cont,"It's them, the frogs, they're forming a line,  ",,[*mëesamo inëërë*] [*përëru ton*],DPro	Ptc	N	Ptc	A	Ptc	…,meiraDBtrio,,part,s
dados-09-kereramake-p-037-179,tri,"(Ape) Nka anpo=na aakoron tïïkae, nëërë tamutupë, anpo=na aakoron?",Ape	nka	anpo	n-a	V:-akoron	tï-V:-ka-e	nërë	rë	tamutupë	anpo	n-a	V:-akoron,Ape	?	where	3Sa-Cop	2-companion	Pst-Sa-say-Pst	3AnAna	Idtf	old.man	where	3Sa-Cop	2-companion,"(Ape) 'So, where is your companion?' (he) said, he, the old man, 'where is your companion?'",,[*nërë rë*] [*tamutupë*],N	Ptc	Intrg	V	N	V	Pro	Ptc	N	Intrg	V	N	…,meiraDBtrio,,part,?
dados-09-kereramake-p-043-304,tri,(Ape) Ohkë tïïkae ohkë nari=ke=ta ehkë ëtamïïsewa serë wëitapi tïïkae.,Ape	oh-kë	tï-V:-ka-e	oh-kë	nari	ke	ta	eh-kë	ët-amïï-sewa	serë	wëitapi	tï-V:-ka-e,Ape	come-Imper	Pst-Sa-say-Pst	come-Imper	fear	Inst	Neg	Cop-Imper	Detr-break-Neg	3InPx	hammock	Pst-Sa-say-Pst,"(Ape) 'Come,' (she) said, 'come, don't be afraid, this won't break/snap, the hammock,' (she) said.  ",,,N	V	V	V	N	Ptc	Ptc	V	V	DPro	N	V	…,meiraDBtrio,,np,
dados-09-kereramake-p-047-354,tri,"(Ape) Eeke=nai mëe jipïtï? tïïkae sera, atïtoome=nai mïra ijomirï? tïïkae.",Ape	eeke	n-ai	mëe	ji-pïtï	tï-V:-ka-e	sera	atïtoome	n-ai	mïra	i-jomi-rï	tï-V:-ka-e,Ape	how	3Sa-Cop	3AnPx	1-wife	Pst-Sa-say-Pst	like.this	why	3Sa-Cop	like.that	3-talk-Psfx	Pst-Sa-say-Pst,"(Ape) 'How is my wife?' (= 'What's with her?') he said, like this, 'why is her talk like that?' (= 'why is she talking funny?'), he said.  ",,,N	Intrg	V	DPro	N	V	A	Intrg	V	A	N	V	…,meiraDBtrio,,np,
dados-09-kereramake-p-047-363,tri,(Ape) sera=taa=san=nai jipïtï anpo=nai mëe inmukuru mëesan=nai ijapo=taike.,Ape	sera	taa	san	n-ai	ji-pïtï	anpo	n-ai	mëe	i-nmuku-ru	mëesan	n-ai	i-japo	taike,Ape	like.this	Neg	?	3Sa-Cop	1-wife	where	3Sa-Cop	3AnPx	3-son-Psfx	3AnPxCl	3Sa-Cop	3-like	Neg,"(Ape) 'they are not like this, my wife, where is she, this one, her son, they aren't like this' ",,Maybe disfluent?,N	A	Ptc	Ptc	V	N	Intrg	V	DPro	N	DPro	V	Pp	Ptc	…,meiraDBtrio,,?,
dados-09-kereramake-p-047-374,tri,"(Ape) Irë=mao tënepiitae, mëërë=ja turëe, werekeru=ja.",Ape	irë	mao	t-ënepiita-e	mëërë	ja	t-urë-e	werekeru	ja,Ape	3InAna	at.time	Pst-be.bored-Pst	3AnMd	Agt	Pst-talk.to-Pst	parakeet.sp	Agt,"(Ape) Then he became tired of it, and that one talked to him, werekeru.",,Good illustration of the importance of commas.,N	Pro	Pp	V	DPro	Pp	V	N	Pp	…,meiraDBtrio,,n,
dados-09-kereramake-p-049-387,tri,"(Ape) Mëe inë ënmuku ëenuumane=npa tïïkae, mërë innapï apëhkë irëme, tïrëe iija, toron.",Ape	mëe	0-inë-0	ë-nmuku-0	ë-enuuma-ne	npa	tï-V:-ka-e	mërë	i-nnapï	0-apëh-kë	irëme	tï-rë-e	i-:ja	toron,Ape	3AnPx	3-abandon-Imper	2-son-Psfx	2-disturb-A	?	Pst-Sa-say-Pst	3InMd	3-fruit.food	3-get-Imper	so	Pst-make-Pst	3-Agt	put,"(Ape) 'Leave this one here, your son, he would disturb you,' he said, 'get that, his food', then, he put it (down), /toron/.",,Another good illustration of the importance of commas -- the two distinct clauses have none in between.,N	DPro	V	N	N	Ptc	V	DPro	N	V	Ptc	V	Pp	Ideo	…,meiraDBtrio,,n,
dados-09-kereramake-p-049-392,tri,"(Ape) mëërë=se=manan, tïïkae, tarïpi=se=manan mëërë tïïkae.",Ape	mëërë	se	man-a-n	tï-V:-ka-e	tarïpi	se	man-a-n	mëërë	tï-V:-ka-e,Ape	3AnMd	Desid	2Sa-Cop-Dbt	Pst-Sa-say-Pst	prego	Desid	2Sa-Cop-Dbt	3AnMd	Pst-Sa-say-Pst,"(Ape) 'Do you want that one?' he said, 'do you want some monkey, that one?' he said.  ",,[*tarïpi*] *se manan* [*mëërë*],N	DPro	Pp	V	V	N	Pp	V	DPro	V	…,meiraDBtrio,,y,obl
dados-09-kereramake-p-049-415,tri,(Ape) Mëe=marë inmukuhpë ijapo=ro=pa tïïkae.,Ape	mëe	marë	i-nmuku-hpë	i-japo	ro	pa	tï-V:-ka-e,Ape	3AnPx	too	3-son-P.pst	3-like	Idtf	Rpt	Pst-Sa-say-Pst,"(Ape) 'And this one also, my son, just like her (he was killed),' he said.  ",,[*mëe marë*] [*inmukuhpë*] -- part of speech?,N	DPro	Ptc	N	Pp	Ptc	Ptc	V	…,meiraDBtrio,,part,obl?
dados-09-kereramake-p-051-442,tri,"(Ape) Irëme aerën=me tïïtëe, mono tuna, teese, nkan=to, tïponopï, ",Ape	irëme	aerë-n	me	tï-V:-të-e	mono	tuna	t-0-ee-se	n-ka-0-n	to	tï-ponopï-0,Ape	so	true-Ent	Ess	Pst-Sa-go-Pst	big	water	Pst-Sa-Cop-Pst	3Sa-say-Pres-Dbt	3pl	Nzr-tell-G,"(Ape) Then he really went, the river was high, they say.",,,N	Ptc	N	Ptc	V	N	N	V	V	Ptc	N	…,meiraDBtrio,,np,
dados-09-kereramake-p-051-443,tri,"(Ape) teese tuna mono teese irë=mao=rë, waraku eeku mono, mono tuna teese kato tïponopï serë,",Ape	t-0-ee-se	tuna	mono	t-0-ee-se	irë	mao	rë	waraku	0-eeku	mono	mono	tuna	t-0-ee-se	ka-to	tï-ponopï-0	serë,Ape	Pst-Sa-Cop-Pst	water	big	Pst-Sa-Cop-Pst	3InAna	at.time	Idtf	fish.sp	3-stream	big	big	water	Pst-Sa-Cop-Pst	say-Circ	Nzr-tell-G	3InPx,"(Ape) the river had become big, at that time, Waraku's river was big, the river had risen, this is the telling,",,,N	V	N	N	V	Pro	Pp	Ptc	N	N	N	N	N	V	N	N	DPro	…,meiraDBtrio,,np,
dados-09-kereramake-p-053-455,tri,"(Ape) Tïwërëno=ro ijuuwë teese mërë toro,",Ape	tïwërë-no	ro	i-juuwë	t-0-ee-se	mërë	toron,Ape	other-Ent	Idtf	3-on	Pst-Sa-Cop-Pst	3InMd	go.up,"(Ape) Another one was on top of it, /toro/,",,Inflected postposition *i-juuwë* and *mërë*? We don’t know what *mërë* refers to...,N	N	Ptc	Pp	V	DPro	Ideo	…,meiraDBtrio,,?,
data-01-yakari-01-p-127-022,tri,Ma... Mono weine kïrïmuku irënehka.,ma	mono	w-ei-ne	kïrïmuku	irënehka,Attn	big	1Sa-Cop-DPst	young.man	finally,"Well... I finally grew up, I became a young man.  ",,[*mono*] V [*kïrïmuku*],Ptc	N	V	N	Ptc	…,meiraDBtrio,,y,s
data-01-yakari-01-p-127-025,tri,"ma, mëe wëri=se=wae, wïkane,",ma	mëe	wëri	se	w-a-e	wï-ka-ne,Attn	3AnPx	woman	Desid	1Sa-Cop-Cty	1Sa-say-DPst,"'well, I want this woman,' I said,  ",,DEM NP *se*!,Ptc	DPro	N	Pp	V	V	…,meiraDBtrio,,np_arg,
mini-disc-lsmtam13set0001-marciano-little-introduction-003,tri,"Ma, jijomii=tae=rë jeka tarëno=tae nai, Minausi , irë apo. Meta?",ma	ji-jomi-V:	tae	rë	j-eka-0	tarëno	tae	n-ai	Minausi	irë	apo	m-eta-0,Attn	1-language-Psfx	by	Idtf	1-name-Psfx	Tiriyó	by	3Sa-Cop	Minausi	3InAna	like	2A-hear-I.Pst,"Well, in my own language my name, in (the language of the) Tiriyó, it is, Minausi, like this. OK? (= Did you hear?).  ",,[*jijomii tae*] ... [*tarëno tae*],Ptc	N	Pp	Ptc	N	N	Pp	V	N	Pro	Pp	V	…,meiraDBtrio,,posp,obl
mini-disc-lsmtam13set0001-marciano-little-introduction-004,tri,Irëme anja oroko=me nai menjaarë ëtakëërë mëe=marë Sesu=marë.,irëme	anja	oroko	me	n-ai	menjaarë	ët-akëërë	mëe	marë	Sesu	marë,so	1+3	work	Ess	3Sa-Cop	now	Recp-with	3AnPx	with	Sérgio	with,"So we're now working together,",,[*mëe marë*] [*Sesu marë*] -- part of speech?,Ptc	Pro	N	Ptc	V	A	Pp	DPro	Ptc	N	Ptc	…,meiraDBtrio,,part,obl?
mini-disc-lsmtam13set0001-marciano-little-introduction-005,tri,Serë=pë panpira=pë anja=nai oroko=me. Meta? Ir=apo.,serë	pë	panpira	pë	anja	n-ai	oroko	me	m-eta-0	irë	apo,3InPx	about	book	about	1+3	3Sa-Cop	work	Ess	2A-hear-I.Pst	3InAna	like,"We're now working about this, about this book/paper (= i.e. we're writing something). Did you hear? That's it.  ",,[*serë pë*] [*panpira pë*],DPro	Pp	N	Pp	Pro	V	N	Ptc	V	Pro	Pp	…,meiraDBtrio,,posp,obl
minidisc-xxx-mukusa-nasau-sep-2000-004,tri,(Nasau) Wepekatï=irë pananakiri=ton otï këpëewa kotï=komo=se=rëkene=re wei... irë=se wei.,Nasau	w-epekatï-0	irë	pananakiri	ton	0-otï	këpëewa	k-otï	komo	se	rëkene	re	w-ei-0	irë	se	w-ei-0,Nasau	1A-trade-I.Pst	3InAna	foreigner	Col	3-meat.food	but	1+2-meat.food	P.col	Desid	only	Frus	1Sa-Cop-I.Pst	3InAna	Desid	1Sa-Cop-I.Pst,"(Nasau) I've already sold/given it as meat for the foreigners, but I want (another cow) for our food, that's what I want.",,What is the argument structure here?,N	V	Pro	N	Ptc	N	Ptc	N	Ptc	Pp	Ptc	Ptc	V	Pro	Pp	V	…,meiraDBtrio,,n,
minidisc-xxx-oiapoque-pona-iitetoponpe-sep-2000-020,tri,"Ëwë serë akoron=tao, mono=me nëturutan tarëno.",ëwë	serë	0-akoron	tao	mono	me	n-ëturu-ta-n	tarëno,later	3InPx	3-other	Loc	big	Ess	3Sa-talk-Fut-Dbt	Tiriyó,"'Later the other one like this (= meeting), the Tiriyó/Indians will talk a lot.'",,DEM NP POSTP!,A	DPro	N	Pp	N	Ptc	V	N	…,meiraDBtrio,,np_arg,
minidisc-xxx-oiapoque-pona-iitetoponpe-sep-2000-039,tri,"(Nasau) Mararija epi=ton=pë, tïwërëno=ro kïnëturu, tïpataa=pë,",…	mararija	0-epi	ton	pë	tïwërë-no	ro	kïn-ëturu	tï-pata-V:	pë,…	malaria	3-medicine	Col	about	other-Ent	Idtf	3Dpst-talk	3r-village-Psfx	about,"About malaria medicine(s), another (person) talked, about his/her own village,  ",,good example of possr possm part postp,…	N	N	Ptc	Pp	N	Ptc	V	N	Pp	…,meiraDBtrio,,n,
minidisc-xxx-torohpe-iwehtoponpe-002,tri,"Ma, irëme wëene, ipërih=tae anja eekuhpë, ahn..., atï irë, Kuruni.",ma	irëme	w-ëe-ne	ipërih	tae	anja	0-eeku-hpë	***	atï	irë	Kuruni,Attn	so	1Sa-come-DPst	creek	along	1+3	3-stream-P.pst	***	wh.In	3InAna	Kuruni,"Well, then I came, along the creeks/tribuaries, our old river... what-do-you-call-it, the Kuruni (Coeroeni).  ",,[*ipërih tae*] [*anja eekuhpë*] -- interesting postpositional behavior,Ptc	Ptc	V	N	Pp	Pro	N	…	Intrg	Pro	N	…,meiraDBtrio,,posp,obl
dados-07-frog-story-marciano-p-089-007,tri,"Nëënïïjan=ken mëepisi, kïrïpisi mëe mëe=rë mëe, menen?",n-ëënïï-ja-n	ken	mëe-pisi	kïrï-pisi	mëe	mëe	rë	mëe	m-ene-0-n,3Sa-sleep-Pres-Dbt	Cont	3AnPx-Dim	man-Dim	3AnPx	3AnPx	Idtf	3AnPx	2A-see-Pres-Dbt,"This little one is sleeping, this is the little man (= boy), this is him, do you see?  ",,,V	Ptc	DPro	N	DPro	DPro	Ptc	DPro	V	…,meiraDBtrio,,np,
derbyshire-1965-p-013-the-origin-of-plants-002,hix,Oske kanye mokï nexeye ahakheno.,oske	ka-nye	mokï	n-exe-ye	ahakheno,thus	say-A	3AnRm	3Sa-Cop-DPst1	my.deceased.father,"My late father was the one, the one who said it thus.",,*oske kanye mokï* ‘the thus-sayer’,A	N	DPro	Va	N	…,derbyshire1965textos[13],,np,
derbyshire-1965-p-016-the-origin-of-night-and-darkness-002,hix,Oske kanye mokï nexeye ahakheno.,oske	ka-nye	mokï	n-exe-ye	ahakheno,thus	say-A	3AnRm	3Sa-Cop-DPst1	my.deceased.father,"My late father was the one, the one who told it thus.",,*oske kanye mokï* ‘the thus-sayer’,A	N	DPro	Va	N	…,derbyshire1965textos[16],,np,
derbyshire-1965-p-016-the-origin-of-night-and-darkness-006,hix,"Kamïmï thatawo, ïto yohï nehxakonï.",kamïmï	thatawo	ïto	y-ohï	n-eh-xakonï,sun	upright	there	Rel-chief	3Sa-Cop-DPst2,"The sun was standing, the ruler there (i.e. the sun remained high in the sky, as at mid-day).",,A + LK-N?,N	A	A	N	Va	…,derbyshire1965textos[16],,n,
derbyshire-1965-p-017-the-origin-of-night-and-darkness-021,hix,"Tomsïrï yonyxe=tï tekonï, anaro yowto=hona.",t-omsï-rï	y-ony-xe	tï	0-te-konï	anaro	y-owto	hona,3R-daughter-Pos	Rel-see-Sup	Hrsy	3Sa-go-DPst2	other	Rel-village	Dir,"He went to the village of another, purposing to see his daughter.",,example of possessive construction + POSTP,N	Vt	Ptc	Va	N	N	Pp	…,derbyshire1965textos[17],,n,
derbyshire-1965-p-019-the-origin-of-night-and-darkness-081,hix,"Amna nawanyeko=ha, mosonï hanahtorï=wya, ketxkonï=hatï, kekonï=hatï noro horykomo.",amna	n-awanye-ko	ha	mosonï	0-hana-hto-rï	wya	0-ke-txkonï	hatï	0-ke-konï	hatï	noro	horykomo,1+3	3Sa-get.dark-RPst1	Intens	3AnPx	Rel-ear-Neg.Act-Pos	Agt	3Sa-say-DPst2:Col	Hrsy	3Sa-say-DPst2	Hrsy	3AnAna	chief.man,"""We were in darkness, through the foolishness of this one,"" they said, he, the chief man, said.",,"This one is interesting because it is *noro* and not a demonstrative. Also, the translation has a comma there.",Pro	Vo	Ptc	DPro	N	Pp	Va	Ptc	Va	Ptc	DPro	N	…,derbyshire1965textos[19],,np,
derbyshire-1965-p-023-the-origin-of-the-moon-024,hix,"Nuxe=rma mokro raheno=ha, kekonï=hatï, wosï.",nuxe	rma	mokro	r-ahe-no	ha	0-ke-konï	hatï	wosï,1:yngr.sblng	Same	3AnMd	1O-seduce-IPst	Intens	3Sa-say-DPst2	Hrsy	woman,"""My younger brother (is) the one (who) seduced me,"" said the woman.",,[*nuxe rma*] [*mokro*],N	Ptc	DPro	Vt	Ptc	Va	Ptc	N	…,derbyshire1965textos[23],,part,a
derbyshire-1965-p-023-the-origin-of-the-moon-025,hix,"Royananïtho mokro rohoko naye, kekonï=hatï, wosï=ha.",ro-yana-nï-tho	mokro	ro-hoko	n-a-ye	0-ke-konï	hatï	wosï	ha,1-relative-Pos-Pst	3AnMd	1-about	3Sa-Cop-DPst1	3Sa-say-DPst2	Hrsy	woman	Intens,"""My blood relation (within the forbidden degrees) is the one occupied with me,"" said the woman.",,"'is the one occupied with me’ > nonverbal predication, without any (pseudo-)nps?",N	DPro	Pp	Va	Va	Ptc	N	Ptc	…,derbyshire1965textos[23],,n,
derbyshire-1965-p-024-the-origin-of-the-moon-029,hix,Thenyenohnï=mak=hatï waywï.,thenyenohnï	mak	hatï	waywï,many	Advers	Hrsy	arrow,The arrows (were) ones that were very many.,,nvp w/o copula,N	Ptc	Ptc	N	…,derbyshire1965textos[24],,n,
derbyshire-1965-p-025-the-origin-of-the-moon-060,hix,Oske kanye mokï nexeye ahakheno.,oske	ka-nye	mokï	n-exe-ye	ahakheno,thus	say-A	3AnRm	3Sa-Cop-DPst1	my.deceased.father,"My late father was the one, the one who said it thus.",,*oske kanye mokï* ‘the thus-sayer’,A	N	DPro	Va	N	…,derbyshire1965textos[25],,np,
derbyshire-1965-p-025-the-origin-of-the-moon-070,hix,Oske ïtosaho=tï mokro.,oske	ï-to-saho	tï	mokro,thus	Gen-go-Gen.O/S	Hrsy	3AnMd,He (is) the one who went like that.,,nvp w/o copula,A	N	Ptc	DPro	…,derbyshire1965textos[25],,n,
derbyshire-1965-p-030-the-origins-of-the-buzzard-the-sloth-and-the-land-turtle-067,hix,"A..., onokna=rma kana=heno yehtoko=hatï.",a	onokn	rma	kana	heno	y-eh-0-toko	hatï,ah!	creature	Same	fish	Quant	Rel-Cop-Nzr-Simult	Hrsy,"Sound expressing, surprise, (at the) creatures, when their being so many fish.",,[*onokna rma*] [*kana heno*],Intj	N	Ptc	N	Ptc	A	Ptc	…,derbyshire1965textos[30],,part,poss
derbyshire-1965-p-037-the-buzzard-people-and-their-servant-the-sloth-004,hix,"Mararï, taknyohnye, ketxkonï=hatï, ïwya, noro=heno=wya, xofrye=heno=wya=ha.",mararï	t-ak-nyoh-nye	0-ke-txkonï	hatï	ï-wya	noro	heno	wya	xofrye	heno	wya	ha,field	1+2A-burn-Tvzr-Hort	3Sa-say-DPst2:Col	Hrsy	3-Dat	3AnAna	Dead	Dat	sloth.sp	Dead	Dat	Intens,"""Let us burn it, the field,"" they said to him, to that one, to the sloth.",,Interesting increasing elaboration,N	Vt	Va	Ptc	Pp	DPro	Ptc	Pp	N	Ptc	Pp	Ptc	…,derbyshire1965textos[37],,n,
derbyshire-1965-p-039-the-buzzard-people-and-their-servant-the-sloth-076,hix,"Onï=tï enyhoryeko, pepe yahonï, kekonï=hatï ïhetxe.",onï	tï	0-enyhorye-ko	epepe	y-aho-nï	0-ke-konï	hatï	ï-he-txe,3InPx	Hrsy	3-make-Imper	1:oldr.brthr	Rel-stool-Pos	3Sa-say-DPst2	Hrsy	3-wife-Pos,"""Make this, my older brother's seat,"" said his wife.",,Suspicious comma,DPro	Ptc	Vt	N	N	Va	Ptc	N	…,derbyshire1965textos[39],,n,
derbyshire-1965-p-040-the-buzzard-people-and-their-servant-the-sloth-109,hix,"Onï=ha, tïmko=ha, oyeheka=wya=ha, kekonï=hatï.",onï	ha	t-ïm-ko	ha	oy-eheka	wya	ha	0-ke-konï	hatï,3InPx	Intens	Gen-give-Imper	Intens	2-brother	Dat	Intens	3Sa-say-DPst2	Hrsy,"""Give this to your brother,"" he said.",,Many commas,DPro	Ptc	Vt	Ptc	N	Pp	Ptc	Va	Ptc	…,derbyshire1965textos[40],,n,
derbyshire-1965-p-045-the-origin-of-mawarye-and-woxka-052,hix,"Ïro=yarye toye=ha, kamarayana=komo yosamarï=yarye, sïh sïh sïh sïh sïh.",ïro	y-arye	0-to-ye	ha	kamara-yana	komo	y-osama-rï	y-arye	sïh	sïh	sïh	sïh	sïh,3InAna	Rel-Perl	3Sa-go-DPst1	Intens	jaguar-people	Col	Rel-path-Pos	Rel-Perl	walk	walk	walk	walk	walk,"She went along it, along the trail of the jaguar people, action of walking.",,good example of [[N Ptc] N],DPro	Pp	Va	Ptc	N	Ptc	N	Pp	Ideo	Ideo	Ideo	Ideo	Ideo	…,derbyshire1965textos[45],,n,
derbyshire-1965-p-045-the-origin-of-mawarye-and-woxka-053,hix,"Ïhpo owto=hona, nyamoro=waka=hatï, kamarayana=komo=waka, ïhpo.",ïhpo	owto	hona	nyamoro	waka	hatï	kamara-yana	komo	waka	ïhpo,come.out	village	Dir	3AnAnaCol	Illat	Hrsy	jaguar-people	Col	Illat	come.out,"Action of coming out into the open, into the village, to them, to the jaguar people, action of coming out into the open.",,elaboration pattern,Ideo	N	Pp	Pro	Pp	Ptc	N	Ptc	Pp	Ideo	…,derbyshire1965textos[45],,n,
derbyshire-1965-p-048-the-origin-of-mawarye-and-woxka-117,hix,"Henta ïro=ha, uhputhuthuru, ketxkonï=hatï.",henta	ïro	ha	u-hputhu-thuru	0-ke-txkonï	hatï,where	3InAna	Intens	3-shell-Pst:Pos	3Sa-say-DPst2:Col	Hrsy,"""Where (is) it, its shell ?"", they said.",,afterthought,Intrg	DPro	Ptc	N	Va	Ptc	…,derbyshire1965textos[48],,n,
derbyshire-1965-p-049-the-origin-of-mawarye-and-woxka-153,hix,"Onï=ha otxetho, ketxkonï=hatï, ïwya=ha, notxwakomo=wya=ha.",onï	ha	otxetho	0-ke-txkonï	hatï	ï-wya	ha	notxwakomo	wya	ha,3InPx	Intens	grandmother	3Sa-say-DPst2:Col	Hrsy	3-Dat	Intens	old.woman	Dat	Intens,"This (is it), old woman,"" they said to her, to the grandmother.",,elaboration pattern,DPro	Ptc	N	Va	Ptc	Pp	Ptc	N	Pp	Ptc	…,derbyshire1965textos[49],,n,
derbyshire-1965-p-050-the-origin-of-mawarye-and-woxka-160,hix,"Yakeno moro=ha, ketxkonï=hatï, nyamoro.",yake-no	moro	ha	0-ke-txkonï	hatï	nyamoro,many-Nzr	3InMd	Intens	3Sa-say-DPst2:Col	Hrsy	3AnAnaCol,"""That (is) a lot,"" they say.",,afterthought,N	DPro	Ptc	Va	Ptc	Pro	…,derbyshire1965textos[50],,n,
derbyshire-1965-p-052-the-origin-of-mawarye-and-woxka-235,hix,"Etenï oske nkeno, Woxka=y, kekonï=hatï, Mawarye, towtï=wya.",etenï	oske	n-ke-no	Woxka	y	0-ke-konï	hatï	mawarye	t-owtï	wya,wh.In	thus	3Sa-say-Pres:Dbt	Woxka	Voc	3Sa-say-DPst2	Hrsy	Mawarye	3R-sm.sx.sblg	Dat,"""What is (that) saying like that, Woxka,"" said Mawarye to his brother.",,afterthought,Intrg	A	Va	N	Ptc	Va	Ptc	N	N	Pp	…,derbyshire1965textos[52],,n,
derbyshire-1965-p-053-the-origin-of-mawarye-and-woxka-245,hix,"Mawarye=y, kekonï=hatï, towtï=wya.",Mawarye	y	0-ke-konï	hatï	t-owtï	wya,Mawarye	Voc	3Sa-say-DPst2	Hrsy	3R-sm.sx.sblg	Dat,"""Mawarye,"" he said to his brother.",,afterthought,N	Ptc	Va	Ptc	N	Pp	…,derbyshire1965textos[53],,n,
derbyshire-1965-p-060-the-wives-of-mawarye-and-woxka-005,hix,Horyetho monï yahuryatxkonï.,horye-tho	monï	y-ahur-yatxkonï,big.one-Pst	3InRm	Rel-shut.in-DPst2:Col,"They sealed off that one, the big one.",,,N	DPro	Vt	…,derbyshire1965textos[60],,np_arg,
derbyshire-1965-p-060-the-wives-of-mawarye-and-woxka-008,hix,"Kana yowomtoho onï, kekonï=hatï, Mawarye, towtï=wya=ha.",kana	y-owom-toho	onï	0-ke-konï	hatï	mawarye	t-owtï	wya	ha,fish	Rel-go.in-Circ	3InPx	3Sa-say-DPst2	Hrsy	Mawarye	3R-sm.sx.sblg	Dat	Intens,"This (is) the thing into which go the fish,"" said Mawarye to his brother.",,two afterthoughts,N	N	DPro	Va	Ptc	N	N	Pp	Ptc	…,derbyshire1965textos[60],,n,
derbyshire-1965-p-060-the-wives-of-mawarye-and-woxka-022,hix,"Xenytxa Woxka=y, kekonï=hatï, towtï=wya, Woxka=wya.",x-eny-txa	Woxka	y	0-ke-konï	hatï	t-owtï	wya	Woxka	wya,Gen-see-Go.Imper:2	Woxka	Voc	3Sa-say-DPst2	Hrsy	3R-sm.sx.sblg	Dat	Woxka	Dat,"""Go look at it, Woxka,"" he said to his brother, to Woxka.",,elaboration pattern,Vt	N	Ptc	Va	Ptc	N	Pp	N	Pp	…,derbyshire1965textos[60],,n,
derbyshire-1965-p-061-the-wives-of-mawarye-and-woxka-034,hix,"Ehxera manaye, kekonï=hatï, Woxka, Mawarye=wya=ha.",eh-xera	ma-n-a-ye	0-ke-konï	hatï	Woxka	Mawarye	wya	ha,Cop-Neg	NVis-3Sa-Cop-DPst1	3Sa-say-DPst2	Hrsy	Woxka	Mawarye	Dat	Intens,"""(There) is nothing,"" said Woxka to Mawarye.",,afterthoughts,A	Va	Va	Ptc	N	N	Pp	Ptc	…,derbyshire1965textos[61],,n,
derbyshire-1965-p-061-the-wives-of-mawarye-and-woxka-040,hix,"Ahruthuru yahyekonï, xaryemna=ha.",0-ahru-0-thuru	y-ahye-konï	xaryemna	ha,3-cover-Nzr-Pst:Pos	Rel-shake-DPst2	otter.sp	Intens,The otter was shaking the stuff covering it.,,afterthought,N	Vt	N	Ptc	…,derbyshire1965textos[61],,n,
derbyshire-1965-p-061-the-wives-of-mawarye-and-woxka-045,hix,"Manaye=ha, kekonï=hatï, Woxka, Mawarye=wya=ha.",man-a-ye	ha	0-ke-konï	hatï	Woxka	Mawarye	wya	ha,2Sa-Cop-Pres:Dbt	Intens	3Sa-say-DPst2	Hrsy	Woxka	Mawarye	Dat	Intens,"""It is (there),"" said Woxka to Mawarye.",,afterthoughts,Va	Ptc	Va	Ptc	N	N	Pp	Ptc	…,derbyshire1965textos[61],,n,
derbyshire-1965-p-061-the-wives-of-mawarye-and-woxka-052,hix,"Ïhoko=tï nehxatxkonï=ha, Mawarye=komo=ha, Woxka=komo.",ï-hoko	tï	n-eh-xatxkonï	ha	Mawarye	komo	ha	Woxka	komo,3-about	Hrsy	3Sa-Cop-DPst2:Col	Intens	Mawarye	Col	Intens	Woxka	Col,Both Mawarye and Woxka were occupied with her.,,afterthoughts,Pp	Ptc	Va	Ptc	N	Ptc	Ptc	N	Ptc	…,derbyshire1965textos[61],,n,
derbyshire-1965-p-062-the-wives-of-mawarye-and-woxka-059,hix,"Namotohkatxownï=hatï, Mawarye=komo, Woxka=komo.",n-amotoh-ka-txownï	hatï	Mawarye	komo	Woxka	komo,3AO-tire-Tvzr-DPst1:Col	Hrsy	Mawarye	Col	Woxka	Col,Mawarye and Woxka exhausted her.,,afterthoughts,Vt	Ptc	N	Ptc	N	Ptc	…,derbyshire1965textos[62],,n,
derbyshire-1965-p-062-the-wives-of-mawarye-and-woxka-071,hix,"Moyorono mokyamo=ha, worïskomo=heno=ha, kekonï=hatï, xaryemna=ha.",moyoro-no	mokyamo	ha	worïskomo	heno	ha	0-ke-konï	hatï	xaryemna	ha,different.place-Nzr	3AnRmCol	Intens	women	Quant	Intens	3Sa-say-DPst2	Hrsy	otter.sp	Intens,"""They (are) ones far away, the women,"" said the otter.",,afterthought with intervening particle,N	DPro	Ptc	N	Ptc	Ptc	Va	Ptc	N	Ptc	…,derbyshire1965textos[62],,n,
derbyshire-1965-p-064-the-wives-of-mawarye-and-woxka-119,hix,"Wosï yanïmye, kanye mokï nexeye=heno.",wosï	y-anïm-ye	ka-nye	mokï	n-exe-ye	heno,woman	Rel-lift-DPst1	say-A	3AnRm	3Sa-Cop-DPst1	Dead,"He lifted the women, he, the deceased was the one, the one who said it.",,interesting position of heno,N	Vt	N	DPro	Va	Ptc	…,derbyshire1965textos[64],,n,
derbyshire-1965-p-064-the-wives-of-mawarye-and-woxka-121,hix,"Mosonï=ha Woxka, khetxe.",mosonï	ha	Woxka	k-he-txe,3AnPx	Intens	Woxka	1+2-wife-Pos,"'These, Woxka, (are) our wives.",,afterthought,DPro	Ptc	N	N	…,derbyshire1965textos[64],,n,
derbyshire-1965-p-066-the-wives-of-mawarye-and-woxka-162,hix,"Honyetko=tï nehxakonï=ha, yawonye, atxkenyhaha=xak=mak=hatï.",honyetko	tï	n-eh-xakonï	ha	y-awo-nye	atxkenyhaha	xak	mak	hatï,fish.sp	Hrsy	3Sa-Cop-DPst2	Intens	Rel-Iness-Col	small.thing	Misfrtn	Advers	Hrsy,"The ""honyetko"" was inside them, having become a very small thing.",,The *y-* on *y-awo-nye* is unexplained,N	Ptc	Va	Ptc	Pp	N	Ptc	Ptc	Ptc	…,derbyshire1965textos[66],,n,
derbyshire-1965-p-067-the-wives-of-mawarye-and-woxka-196,hix,"Ta... Woxka=y, kekonï=hatï, ïwya=ha, towtï wya.",ta	Woxka	y	0-ke-konï	hatï	ï-wya	ha	t-owtï	wya,Top.Chg	Woxka	Voc	3Sa-say-DPst2	Hrsy	3-Dat	Intens	3R-sm.sx.sblg	Dat,"Marking change of subject, ""Woxka,"" he said to him, to his brother.",,elaboration pattern,Ptc	N	Ptc	Va	Ptc	Pp	Ptc	N	Pp	…,derbyshire1965textos[67],,n,
derbyshire-1965-p-067-the-wives-of-mawarye-and-woxka-197,hix,"Woxka=y, mosonï=ha, ohetxe, kekonï=hatï.",Woxka	y	mosonï	ha	o-he-txe	0-ke-konï	hatï,Woxka	Voc	3AnPx	Intens	2-wife-Pos	3Sa-say-DPst2	Hrsy,"""Woxka, this one (is) your wife,"" he said.",,afterthought,N	Ptc	DPro	Ptc	N	Va	Ptc	…,derbyshire1965textos[67],,n,
derbyshire-1965-p-067-the-wives-of-mawarye-and-woxka-201,hix,"Ïto=tï nahxakonï=hatï, ehnï=yohoye, kuthonï=ymo=yohoye=hatï.",ïto	tï	n-ah-xakonï	hatï	ehnï	y-ohoye	kuthonï	ymo	y-ohoye	hatï,there	Hrsy	3AO-sex-DPst2	Hrsy	river	Rel-beside	lake	Augm	Rel-beside	Hrsy,"He was sexually intercoursing her there, beside the river, beside the big lake.",,good example of [[N Ptc] Pp],A	Ptc	Vt	Ptc	N	Pp	N	Ptc	Pp	Ptc	…,derbyshire1965textos[67],,n,
derbyshire-1965-p-067-the-wives-of-mawarye-and-woxka-209,hix,"Woxka=heno yarïye=ha, okoymo=ha.",Woxka	heno	y-arï-ye	ha	okoymo	ha,Woxka	Dead	Rel-take-DPst1	Intens	anaconda	Intens,The anaconda took Woxka away.,,good example of [[N Ptc] Vt],N	Ptc	Vt	Ptc	N	Ptc	…,derbyshire1965textos[67],,n,
derbyshire-1965-p-069-the-wives-of-mawarye-and-woxka-253,hix,"Atxke naha kekonï=hatï, Mawarye=wya, Woxka.",atxke	n-a-ha	0-ke-konï	hatï	mawarye	wya	Woxka,bad	3Sa-Cop-Pres:Cty	3Sa-say-DPst2	Hrsy	Mawarye	Dat	Woxka,"""She is no good,"" said Woxka to Mawarye.",,afterthought,A	Va	Va	Ptc	N	Pp	N	…,derbyshire1965textos[69],,n,
derbyshire-1965-p-023-the-origin-of-the-moon-004,hix,Tïnotxhïrï=rma=hoko nehxakonï.,tï-notxhï-rï	rma	hoko	n-eh-xakonï,3R-sister-Pos	Cont	about	3Sa-Cop-DPst2,He was occupied with his sister.,,Example of *rma* within phrase.,N	Ptc	Pp	Va	…,derbyshire1965textos[23],,n,
ae-personal-narrative-015,aka,mörö winnö urö sang ye'pï meriam ye'pï,mörö	winö	urö	sang	yebï-'pï	Mariam	yebï-'pï,that	from	1Sg	mother	come-Past	Mariam	come-Past,This is where my mother Mariam came from,,afterthought is a whole clause,Dem	P	Pro	N	Vi	N	Vi,caesarDBakawaio,,n,
ae-personal-narrative-018,aka,"i'tuya bogeng bra ji, Akawaio be rï'kwö rö na'kö ji a'ai pïze urö sang nok ne'tai",i'tu-u-ya	bogeng	bra	eji	Akawaio	pe	rï'kwö	rö	na'kö	ji	a'ai	pïze	urö	sang	nok	n-eji-dai,know-1-Erg	like.manner	Neg	be	Akawaio	like	Dim	Emph	maybe	Emph	mother	this.Anim	1Sg	mother	grandmother	3S-be-Past,"I do not know, but my mother's grandmother was Akawaio",,*pïze [urö sang nok]*,Vt	P	Adv	Vi	N	P	Pro	Prtcl	Adv	Prtcl	N	Pro	Pro	N	N	Prs-V-TAM	…,caesarDBakawaio,,np,
ae-personal-narrative-031,aka,mörö kasa tïgo'mangzang nya serö waramadang bo,mörö	kaza	t-ko'mamï-zang	nya	serö	waramadang	po,that	like	Adv-live-Pl.Nzr	1+3	this	Waramadong	Loc,That's how we all live here at Waramadong,,,Dem	P	N	Pro	Pro	N	P,caesarDBakawaio,,np,
cc-praising-rhymes-6,aka,mörö gaza rï'kwö warawok mïre aburöuya mörö,mörö	kaza	rï'kwö	warawok	mïre	aburö-u-ya	mörö,that	like	Dim	boy	child	praise-1-Erg	A.I.?,This is how I would praise a boy child when he is small,,,Dem	P	Pro	N	N	Vt	?,caesarDBakawaio,,np,
cc-praising-rhymes-25,aka,korwak rï'kwö boganing dauya,korwak	rï'kwö	poga-ning	ta-u-ya,patwa.fish	Dim	shoot-A.Nzr	say-1-Erg,"the shhoter of cute little patwa fish, I say",,Good example of [[N Ptc] N],N	Pro	N	Vt	…,caesarDBakawaio,,n,
cc-praising-rhymes-32,aka,sama'nong dauya ganang mörö uri'chang bök,sama'nong	ta-u-ya	kanang	mörö	uri'chang	pök,pretty	say-1-Erg	again	Fut	female	to,"You are pretty, I would say again to the girl",,is mörö really a particle expressing future?,N	Vt	Pro	Prtcl	N	P,caesarDBakawaio,,np,
ae-personal-narrative-033,aka,serö nong bo,serö	nong	po,this	earth	on,on this earth,,,Pro	N	P	…,caesarDBakawaio,,np,
ae-personal-narrative-064,aka,nya ya rö se ji kashiri konega,nya	ya	rö	serö	ji	kajiri	konega,1+3	Erg	Emph	this	Emph	cassava.beer	make,We make this thing called kashiri,,*serö ji kashiri*,Pro	P	Prtcl	Pro	Prtcl	N	Vt	…,caesarDBakawaio,,part,
claudine-bagot-personal-narrative-021,aka,"mörö gaza bek, nai gaza önïk röji enau",mörö	gaza	bek	nai	gaza	önïk	rö-ji	enau,that	like	QP	what	like	who	Emph-Emph	in.hand,"Is this how it will be? How, in whose hands?",,Good example of [[N Ptc Ptc] N],Dem	P	Prtcl	N	P	Pro	Prtcl	P,caesarDBakawaio,,n,
claudine-bagot-personal-narrative-034,aka,mörau ji mörö maing nö na'nek,mörau	ji	mörö	maing	nö	nai-nek,there	Emph	that	word	Emph	3.be.Pres-Rel,There is always speech that is there,,,Adv	Prtcl	Dem	N	Prtcl	Vi-Rel,caesarDBakawaio,,np,
claudine-bagot-personal-narrative-052,aka,kïrörö kïrö magoi se gaza rö mo'kaning dawong,kïrö-rö	kïrö	magoi	zerö	kaza	rö	mo'ka-ning	ta-wong,3Sg.Anim-Cop?	3Sg.Anim	sin	this	like	Emph	take.away-A.Nzr	say-Nzr/Rel?,"It is only the sinful one (evil/satan)who can take you away suddenly, they say",,,Dem	Pro	N	Pro	P	Prtcl	N	N	…,caesarDBakawaio,,np,
claudine-bagot-personal-narrative-087,aka,e'nongga rï'kwörö mörö yeburudong ya rö yereudanïgï a'tai e'nongga tawong ning,e'nongga	rï'kwö-rö	mörö	y-eburu-dong	ya	rö	y-ereuda-nïgï	a'tai	e'nongga	ta-wong	ning,leave	Dim-Emph	that	1-boss-Pl	Erg	Emph	1-sit-Caus	when	leave	say-Nzr/Rel?	Emph,She has said I will leave when my bosses stop me,,,Vi	Adv?-Prtcl	Dem	N	P	Prtcl	Prs-Vi-VDer	Prtcl	Vi	N	Prtcl,caesarDBakawaio,,np,
lester-eugene-personal-narrative-021,aka,mörö dïbo urö ji laspang e'tane ji aigobe rï'kwö e'tane urö gïibïnï ji ma'ta'pï mörö,mörö	tïbo	urö	ji	laspang	e'tane	ji	aigo-be	rï'kwö	eji-dane	urö	kïibïnï	ji	ma'ta-'pï	mörö,that	after	1Sg	Emph	last.one	but	Emph	small-Attr	Dim	be-while	1Sg	father	Emph	die-Past	A.I.?,"Then after that, I am the last one but while I was still small my father died",,confused by the addressee involvement here,Dem	Adv	Pro	Prtcl	N	Prtcl	Prtcl	A	Pro	Vi	Pro	N	Prtcl	Vi	?	…,caesarDBakawaio,,n,
lester-eugene-personal-narrative-026,aka,"kïrörö ji urö gïibïnï ji es'pï mörö kayuni, kayunirïgok nïgabö'tai tok ko",kïrö-rö	ji	urö	kïibïnï	ji	eji-'pï	mörö	kayuni	kayuni-gok	n-ka-bödï-dai	tok	ko,3Sg.Anim-Emph	Emph	1Sg	father	Emph	be-Past	A.I.?	Kuyuni	Kuyuni-tribe	3S-say-Hab-Past	3Pl	Emph," He my father was from a tribe from Kayuni, so they always say",,[*kïrörö ji*] [*urö kïibïnï ji*],Pro	Prtcl	Pro	N	Prtcl	Vi	?	N	N	Vi	Pro	Prtcl	…,caesarDBakawaio,,part,
lester-eugene-personal-narrative-036,aka,dadi bogong nö agïibïnïdong rö tombadong be rö,dadi	pök-ng	nö	a-kïibïnï-dong	rö	tomba-dong	pe	rö,Daddy	about-Nzr	Emph	2-father-Pl	Emph	relative-Pl	like	Emph,also the relative of Daddie your father,,'Daddie your father'?,N	N	Prtcl	N	Prtcl	N	P	Prtcl	…,caesarDBakawaio,,?,
lester-eugene-personal-narrative-047,aka,turonnö mïre bra yesh'pï,turonnö	mïre	bra	y-eji-'pï,another	child	Neg	3-be-Past,there was no other child,,,N	N	Adv	Vi	…,caesarDBakawaio,,np,
lester-eugene-personal-narrative-096,aka,"uri'chang amök, ezugeng uri'chang amök seven gaijarö",uri'chang	amök	ezugeng	uri'chang	amök	gaijarö,female	Pl	of.one.kind	female	Pl	in.number,"with seven girls, all of the same sex",,ADV + N + PL,N	Prtcl	Adv	N	Prtcl	Adv	…,caesarDBakawaio,,np,
lester-eugene-personal-narrative-100,aka,serö ji munggamök a ji urö nïmbödï'pï ji,serö	ji	munggö	amök	ya	ji	urö	nïmï-bödï-'pï	ji,this	Emph	children	Pl	Erg	Emph	1Sg	leave-Pl.Abs-Past	Emph,"Now at this time, my children have now left me",,*serö ji* 'now',Pro	Prtcl	N	Prtcl	P	Prtcl	Pro	Vt	Prtcl	…,caesarDBakawaio,,n,
lester-eugene-personal-narrative-106,aka,uri'chang amök rögeng sa'ne ezugeng warawok amök pra rö,uri'chang	amök	rögeng	sa'ne	ezugeng	warawok	amök	bra	rö,female	Pl	only	Emph	of.one.kind	boy	Pl	Neg	Emph,These are really all girls without any boys,,,N	Prtcl	Prtcl	Prtcl	Adv	N	Prtcl	Adv	Prtcl	…,caesarDBakawaio,,np,
pingkas-personal-narrative-011,aka,wayara yeng diezek ka'tau,wayara	eng	i-ezek	ka'tau,macaw	cave	3-name	high,at a high place named Wayara yeng (Macaw's cave),,"lit. 'its name is wayara yeng, in the sky’",N	N	N	Adv	…,caesarDBakawaio,,n,
pingkas-personal-narrative-022,aka,mörö wenong urö dauwa ning ji,mörö	winö-ng	urö	ta-u-wa	ning	eji,that	from-Nzr	1Sg	say-1-Erg	Emph	be,I am saying that I am from there,,,Dem	N	Pro	Vt	Prtcl	Vi	…,caesarDBakawaio,,np,
pingkas-personal-narrative-031,aka,"mörau sa'ji urö enshi mang ko, mö tong bo",mörau	sa'ji	urö	enji	mang	ko	mörö	tong	po,there	Emph	1Sg	daughter	3.be.Pres	Emph	that	town	Loc,There is my daughter who is in town (meaning Georgetown),,,Adv	Prtcl	Pro	N	Vi	Prtcl	Dem	N	P	…,caesarDBakawaio,,np,
pingkas-personal-narrative-037-pingkas-smith,aka,"mainarï rï'kwörö, mö mainarï möng wïk pïragong bo mainarï mang",maina-ri	rï'kwö-rö	mörö	maina-ri	mörö-ng	wïk	pïragong	po	maina-ri	mang,farm-Psd	Dim-Emph	that	farm-Psd	that-Style	mountain	ankle	Loc	farm-Psd	3.be.Pres,"I do have a fram, there is my farm, over there!!! My farm is at the foot of the mountain",,,N	Adv?-Prtcl	Dem	N	Dem-?	N	N	P	N	Vi	…,caesarDBakawaio,,np,
pingkas-personal-narrative-047,aka,mïgï tok kïipïnïdong winnö mörö ji am..,mïgï	tok	kïibïnï-dong	winö	mörö	ji	am,Hes	3Pl	father-Pl	from	that	Emph	um,From their father's side that,,disfluency,Prtcl	Pro	N	P	Dem	Prtcl	Prtcl	…,caesarDBakawaio,,n,
pingkas-personal-narrative-057,aka,serö rï'kwö rö maing sauro'nö na'nek eji wagïbe rö,serö	rï'kwö	rö	maing	saurogï-nnö	nai-nek	eji	wagï	pe	rö,this	Dim	Emph	word	talk-1+2S	3.be.Pres-Rel	be	good	like	Emph,This language that we talk here is really good,,*serö rï'kwö rö maing* is the argument of 'talk',Pro	Pro	Prtcl	N	Vi	Vi-Rel	Vi	N	P	Prtcl	…,caesarDBakawaio,,np_arg,
pingkas-personal-narrative-064,aka,tu'ke rö tok maimu eji brazil bo kuru,tu'ke	rö	tok	maimu	eji	brazil	po	kuru,many	Emph	3Pl	language	be	Brazil	Loc	Emph,There have several languages in Brazil in particular,,*tu'ke rö tok maimu*,Prtcl	Prtcl	Pro	N	Vi	N	P	Prtcl	…,caesarDBakawaio,,part,
pingkas-personal-narrative-066,aka,"serö ning shi Gaiyana bo rï'kwö ning ji mïgï mörö dö wagïbe kuning maing eji, mörö gaza",serö	ning	ji	Gaiyana	po	rï'kwö	ning	ji	mïgï	mörö	tö	wagï	pe	kuru	ning	maing	eji	mörö	kaza,this	Emph	Emph	Guyana	Loc	Dim	Emph	Emph	Hes	that	go	good	like	Emph	Emph	word	be	that	like,"Here in Guyana the language (Akawaio) goes well (meaning spoken well), like that",,"Probably missing intonational break, *maing eji* is separate from first predicate around *tö*",Pro	Prtcl	Prtcl	N	P	Pro	Prtcl	Prtcl	Prtcl	Dem	Vi	N	P	Prtcl	Prtcl	N	Vi	Dem	P	…,caesarDBakawaio,,n,
pingkas-personal-narrative-068-interviewer,aka,pandong rö penarokrï'pï?,pandong	rö	penarok-rï'pï,story	Emph	old-Past.Psn,Even one that use to be an old story,,,N	Prtcl	N	…,caesarDBakawaio,,part,
ps-duck-story-007,aka,wagïdong rö airö stori amök bu'töga'nïgï tok a be mang,wagï-dong	rö	airö	stori	amök	pu'tögabï-nïgï	tok	ya	pe	mang,good-Pl	Emph	sympathy	story	Pl	forget-Caus	3Pl	Erg	like	3.be.Pres,It seems that they will be forgetting good stories,,[*wagïdong rö airö*] [*stori amök*],N	Prtcl	Prtcl	N	Prtcl	Vi-VDer	Pro	P	P	Vi	…,caesarDBakawaio,,part,
ps-duck-story-012,aka,mai'kwak kïrö mai'kwak tuna gawong,mai'kwak	kïrö	mai'kwak	tuna	ka-wong,duck	3Sg.Anim	duck	water	say-Nzr/Rel?,"The duck, the one that is in the water",,,N	Pro	N	N	N	…,caesarDBakawaio,,np,
ps-duck-story-021,aka,kïrö togodogo ya ji tïmainarï agïdï,kïrö	togodogo	ya	ji	t-maina-ri	agïdï,3Sg.Anim	owl	Erg	Emph	3.Rfl-farm-PS	d	cut,The owl cut his farm,,,Pro	N	P	Prtcl	N	Vt	…,caesarDBakawaio,,np,
ps-duck-story-024,aka,ösöbe kïrö mai'kwak eshi ösöbe shiyampiyan be shi ösö be ji,özö-be	kïrö	mai'kwak	eji	özö-be	shiyampiyan	pe	y-eji	özö	pe	y-eji,serious-Attr	3Sg.Anim	duck	be	serious-Attr	champion	like	3-be	serious	like	3-be,"The duck was a very serious one, he was a serious champion",,,A	Pro	N	Vi	A	N	P	Vi	N	P	Vi	…,caesarDBakawaio,,np,
ps-duck-story-025,aka,kïrö togodogo endai,kïrö	togodogo	endai,3Sg.Anim	owl	better,Better than the owl,,potentially a DEM + N NP,Pro	N	P	…,caesarDBakawaio,,n,
ps-duck-story-026,aka,"togodogo engurumïng... seau, tigingnö yöi ennogöiya",togodogo	engurumï-ng	serau	tiginnö	yöi	ennogï-i-ya,owl	wait-Style	here	one	tree	send-3-Erg,"The owl wold just sit here, then he cut down one tree",,,N	Vi-?	Adv	Prtcl	N	Vt	…,caesarDBakawaio,,np,
ps-duck-story-032,aka,kïrö ning mai'kwak eji mörö ösöbe shiyampiyan be ning shi shenubasak be yeshi,kïrö	ning	mai'kwak	eji	mörö	özö-be	shiyampiyan	pe	ning	y-eji	i-zenuba-zak	pe	y-eji,3Sg.Anim	Emph	duck	be	A.I.?	serious-Attr	champion	like	Emph	3-be	3-learn-Perf	like	3-be,"But the duck is really a very serious one, he is a champion because he is one that is trained",,*kïrö ning mai'kwak*,Pro	Prtcl	N	Vi	?	A	N	P	Prtcl	Vi	Vi	P	Vi	…,caesarDBakawaio,,part,
ps-duck-story-034,aka,a.. a.. pïse tok ewo'pï nosamishi pada bong ning ji tok ewo'pï,a	a	pïze	tok	ewo'pï	nosami'chi	pada	po-ng	ning	ji	tok	ewo'pï,ah	ah	this.Anim	3Pl	mother.in.law	old	place	Loc-Nzr	Emph	Emph	3Pl	mother.in.law,"Then here is their mother-in-law an old woman who was at home, their mother-in-law",,,Prtcl	Prtcl	Pro	Pro	N	N	N	N	Prtcl	Prtcl	Pro	N	…,caesarDBakawaio,,np,
ps-duck-story-039,aka,möra'tai ji mai'kwak dundagabï kïrö togodogo rawörö,möra'tai	ji	mai'kwak	tunda-gabï	kïrö	togodogo	rawörö,at.that.time	Emph	duck	travel-Cmpltv	3Sg.Anim	owl	before,Then the duck would journey back before the owl,,,Pro	Prtcl	N	Vi	Pro	N	P	…,caesarDBakawaio,,np,
ps-duck-story-043,aka,kïrö no'sangshi ya,kïrö	no'sami'chi	ya,3Sg.Anim	old	Erg,By she the old woman,,,Pro	N	P	…,caesarDBakawaio,,np,
ps-duck-story-047,aka,kïrö ji togodogo pada go'manï'ning ingurungnöbök ning te'seng,kïrö	ji	togodogo	pada	ko'manïgï-ning	ingurumï-nöbök	ning	t-eji-zeng,3Sg.Anim	Emph	owl	place	keep-A.Nzr	stay.still-Prog	Emph	Adv-be-Abs.Nzr,Then that owl the one who spent his time resting,,*kïrö ji togodogo*,Pro	Prtcl	N	N	N	Vi	Prtcl	N	…,caesarDBakawaio,,part,
ps-duck-story-055,aka,mai'kwak amök mainarï,mai'kwak	amök	maina-ri,duck	Pl	farm-PS	d,The farm of the ducks,,nice example of possessive construction with intervening particle,N	Prtcl	N	…,caesarDBakawaio,,n,
ps-duck-story-058,aka,"e'tane shi turonggong a, turonggong a shi mïgï mörö mai'kwak mainarï ene'pï",e'tane	ji	turonnö-gong	ya	turonnö-gong	ya	ji	mïgï	mörö	mai'kwak	maina-ri	ene-'pï,so	Emph	another-Pl	Erg	another-Pl	Erg	Emph	Hes	that	duck	farm-PS	d	see-Past,"Then other people, the other people saw the duck's farm",,,Prtcl	Prtcl	N	P	N	P	Prtcl	Prtcl	Dem	N	N	Vi	…,caesarDBakawaio,,np,
ps-duck-story-060,aka,ekepe rö a'naik e'kwa ning ti'tuik pra rö,ege-be	rö	a'naik	e'kwa	ning	t-i'tu-ik	bra	rö,big-Attr	Emph	corn	field	Emph	Adv-know-Prtcpl	Neg	Emph,There were a huge amount of fields with corn and many other crops,,adverb,A	Prtcl	N	N	Prtcl	?-Vt-Vder	Adv	Prtcl	…,caesarDBakawaio,,n,
ps-duck-story-061,aka,a.. kïrö ning mïgï mörö mai'kwak manengbazai'ya mörö,a	kïrö	ning	mïgï	mörö	mai'kwak	manengba-zak-i-ya	mörö,ah	3Sg.Anim	Emph	Hes	that	duck	make.angry-Perf-3-Erg	A.I.?,She had already made the duck angry,,,Prtcl	Pro	Prtcl	Prtcl	Dem	N	Vt	?	…,caesarDBakawaio,,np,
ps-duck-story-064,aka,anembai ta'pï shi pïze tok ewo'pï nosamishi ya mörö,an-ene-bai	ta-'pï	ji	pïze	tok	ewo'pï	no'sami'chi	ya	mörö,3O.Desid-see-Desid	say-Past	Emph	this.Anim	3Pl	mother.in.law	old	Erg	A.I.?,"I want to see it said the old woman, the mother-in-law",,[DEM PL N N] ya?,Adv	Vt	Prtcl	Pro	Pro	N	N	P	?	…,caesarDBakawaio,,n,
ps-duck-story-067,aka,"aikor'kwö wijagong, mïre rï'kwö önïk rönamo uri'shang mïre rï'kwö rö namo",aigo	rï'kwö	wijagong	mïre	rï'kwö	önïk	rönamo	uri'chang	mïre	rï'kwö	rö	namo,small	Dim	other	child	Dim	who	uncrtn	female	child	Dim	Emph	Uncrtnty,"The partner who accompanied her was small, maybe she was a small girl",,*uri'shang mïre*,N	Pro	N	N	Pro	Pro	Prtcl	N	N	Pro	Prtcl	Prtcl	…,caesarDBakawaio,,np,
ps-duck-story-078,aka,möra'tai kïrö no'sanshi döga'pï shi maina ak,möra'tai	kïrö	no'sami'chi	tö-gabï-'pï	ji	maina	yak,at.that.time	3Sg.Anim	old	go-Cmpltv-Past	Emph	farm	into,Then she the old woman went into the farm,,,Pro	Pro	N	Vi	Prtcl	N	P	…,caesarDBakawaio,,np,
ps-duck-story-082,aka,kïrö no'sanshi esh'pï ingge chiya maina ya ji giororo'kasak,kïrö	no'sami'chi	eji-'pï	ingge	chiya	maina	ya	ji	i-kororo'ka-zak,3Sg.Anim	old	be-Past	long.time	far.away	farm	Erg	Emph	3-envelop-Perf,"She the old woman spent a long time there, because the farm had enclosed her",,,Pro	N	Vi	Adv	Pro	N	P	Prtcl	Vt	…,caesarDBakawaio,,np,
ps-duck-story-084,aka,haing! kïrö shi wishagong nöma mörö kasa nöma shi biögörö tiano'maka'pï röma rö,haing	kïrö	ji	ijagong	röma	mörö	kaza	röma	ji	i-pögörö	i-tano'ma-gabï-'pï	röma	rö,sudden.absence	3Sg.Anim	Emph	partner	also	that	like	also	Emph	3-after	3-get.lost-Cmpltv-Past	also	Emph,haing!(expression describing sudden absence)then her partner in a similar manner went after her and also got lost,,*kïrö shi wishagong*,SW	Pro	Prtcl	N	?	Dem	P	?	Prtcl	P	Vi	?	Prtcl	…,caesarDBakawaio,,part,
ps-duck-story-086,aka,"kïrö mai'kwak sagorobasai'ya mörö, iwobiya'masai'ya ning mörö",kïrö	mai'kwak	sagoroba-zak-i-ya	mörö	i-wobiya'ma-zak-i-ya	ning	mörö,3Sg.Anim	duck	make.angry-Perf-3-Erg	A.I.?	3-curse-Perf-3-Erg	Emph	A.I.?,"Now she had made the duck angry, so he had really cursed her with witchcraft",,,Pro	N	Vt	?	Vt	Prtcl	?	…,caesarDBakawaio,,np,
ps-duck-story-087,aka,"a.. weruji be no'sanshi dö mörö, eruwö kïrö rï'kwö ne'pö'ai'nek pe wishagong",a	weruji	pe	no'sami'chi	tö	mörö	eruwö	kïrö	rï'kwö	n-eji-bödï-aik-nek	pe	ijagong,ah	dove	like	old	go	A.I.?	small.dove	3Sg.Anim	Dim	3S-be-Hab-Pres-Rel	like	partner,The old woman turn into a dove and that is how she kept going and her partner went as an eruwö(smaller species of dove) bird,,*eruwö kïrö*,Prtcl	N	P	N	Vi	?	N	Pro	Pro	Prs-Vi-Asp-TAM-Rel	P	N	…,caesarDBakawaio,,np,
r-personal-narrative-014,aka,"tu'ke rö za'ne agarangse'na, tu'kanggong sa'ne mïre ank (amök) rö",tu'ke	rö	sa'ne	a-gwaramï-ze'na	tu'kang-gong	sa'ne	mïre	amök	amök	rö,many	Emph	Emph	A-cry-Purp	several-Pl	Emph	child	Pl	Pl	Emph,"""Many of us to cry,even the many children",,*tu'kanggong sa'ne mïre ank*,Prtcl	Prtcl	Prtcl	??-Vi-VDer	N	Prtcl	N	Prtcl	Prtcl	Prtcl	…,caesarDBakawaio,,part,
r-personal-narrative-022,aka,"wagï genïk so'chi dau eji'ma, e'nek au rö tïwe'kïngmaik tugo'mangzanggong genïk amörö'nogong kabai e'aik",wagï	genïk	jo'chi	tau	eji-i'ma	e'nek	yau	rö	t-e'-kïngma-ik	t-go'mamï-zang-gong	genïk	amörö-'nogong	ga-bai	eji-aik,good	specifically	church	within	be-While	sick	in	Emph	Adv-Detr-hurt-Prtcpl	Adv-live-Pl.Nzr-Pl	Mirative	2Sg-Pl	say-Desid	be-Pres,"Although you are in a good church, all of you seem to live while hurting, I want to say",,,N	Prtcl	N	P	Vi-?	N	P	Prtcl	?-Vi-Vder	N	Prtcl	Pro	Adv	Vi	…,caesarDBakawaio,,part; np_arg,
r-personal-narrative-032,aka,möröbanggong ji winnö wagïrö maing edaze'na yi'sak tugaik eji,möröbang-gong	ji	winö	wagï-rö	maing	eda-ze'na	yebï-zak	t-ka-ik	eji,thereafter-Pl.Abs	Emph	from	good-Emph	word	hear-Purp	come-Perf	Adv-say-Prtcpl	be,So I thought I was coming to hear good words from people like those,,,N	Prtcl	P	N	N	Adv	Vi	?-Vi-Vder	Vi	…,caesarDBakawaio,,np,
r-personal-narrative-042,aka,"e'tane wagï rö kenïk a'ai eji'pï mörau,",e'tane	wagï	rö	kenïk	a'ai	eji-'pï	mörau,however	good	Emph	Purp	mother	be-Past	there,"However, there was one mother who was good",,,Prtcl	N	Prtcl	P?	N	Vi	Adv	…,caesarDBakawaio,,part,
r-personal-narrative-043,aka,paba enau kuru genïk eji'nïnggenak rö kenïk a'ai esh'pï mörau,paba	enau	kuru	genïk	eji'nïng-genak	rö	genïk	a'ai	eji-'pï	mörau,father	in.hand	Emph	Mirative	love-one.who.has	Emph	Mirative	mother	be-Past	there,There was a mother who was loving and in the hands of the 'great father,,*paba enau kuru genïk eji'nïnggenak rö kenïk a'ai* is one large NP,N	P	Prtcl	Prtcl	N	Prtcl	Prtcl	N	Vi	Adv	…,caesarDBakawaio,,part,
r-personal-narrative-064,aka,urö sa'ji zang be nïgubïnï,urö	sa'ji	sang	be	n-gubï-nï,1Sg	Emph	mother	like	O.Nzr-do-Pres.Nzr,The one that I have made my mother,,good example of possessive construction with *sa'ji*,Pro	Prtcl	N	P	N	…,caesarDBakawaio,,n,
ra-eagle-story-001,aka,"mïgï ganang pandong bek i'tuning amö ti'tuik pra rö? tu'ke rï'kwö rö, pandong bek i'tuning amö? wagïdong sa'ne bandomïigong te'seng",mïgï	kanang	pandong	bek	i'tu-ning	amö	t-i'tu-ik	bra	rö	tu'ke	rï'kwö	rö	pandong	bek	i'tu-ning	amö	wagï-dong	sa'ne	pandong-i-gong	t-eji-zeng,this	again	story	QP	know-A.Nzr	2SgQ	Adv-know-Prtcpl	Neg	Emph	many	Dim	Emph	story	QP	know-A.Nzr	2SgQ	good-Pl	Emph	story-Psd-Pl.Psr	Adv-be-Abs.Nzr,"Do you know all types of stories, do you know many stories. We have wonderful stories",,*wagïdon sa'ne bandomïigong*,Pro	Pro	N	Prtcl	N	Pro	?-Vt-Vder	Adv	Prtcl	Prtcl	Pro	Prtcl	N	Prtcl	N	Pro	N	Prtcl	N	N	…,caesarDBakawaio,,part,
ra-eagle-story-008,aka,"möra'tai ji emujimö e'pödï'pï sairö wïk po mörö ömujimö ege, kïrörö",möra'tai	ji	emujimö	eji-bödï-'pï	sairö	wïk	po	mörö	ömujimö	ege	kïrö-rö,at.that.time	Emph	eagle	be-Iter-Past	here	mountain	on	that	eagle	big	3Sg.Anim-Cop?,"At that time there was an eagle here on the mountain, a big eagle that one",,*mörö ömujimö ege*,Pro	Prtcl	N	Vi	Adv	N	P	Dem	N	N	Dem	…,caesarDBakawaio,,np,
ra-eagle-story-018,aka,"eh, eh! ö'rö be ji ji mö tawong ku es'pï mörö möra'tai",eh	eh	ö'rö	pe	ji	y-eji	mörö	ta-wong	kuru	eji-'pï	mörö	möra'tai,yes	yes	what	like	Emph	3-be	that	say-Nzr/Rel?	Emph	be-Past	A.I.?	at.that.time,"There was one who said, what is wrong with him at that time",,,Prtcl	Prtcl	Pro	P	Prtcl	Vi	Dem	N	Prtcl	Vi	?	Pro	…,caesarDBakawaio,,np,
ra-eagle-story-019,aka,mïgï sa'ne ji tok u'ma'kabï kïrö torong ya tok u'madï ya engmingga'pï,mïgï	sa'ne	ji	tok	u'madï-gabï	kïrö	torong	ya	tok	u'madï	ya	engmingga-'pï,this	Emph	Emph	3Pl	deplete-Cmpltv	3Sg.Anim	bird	Erg	3Pl	finish	Erg	make.think-Past,"The numbers of the people were depleting because the bird was finishing them off, this made him think",,,Pro	Prtcl	Prtcl	Pro	Vt	Pro	N	P	Pro	Vt	P	Vt	…,caesarDBakawaio,,np,
ra-eagle-story-022,aka,"diurumï mörö kïrö piyang yebï a'tai kuru, wa'ka durumbödï'pï",i-turumï	mörö	kïrö	piyang	yebï	a'tai	kuru	wa'ka	turumï-bödï-'pï,3-play	A.I.?	3Sg.Anim	hawk	come	when	Emph	axe	play-Iter-Past,"It played especially when the eagle was coming, the axe use to play",,,Vi	?	Pro	N	Vi	Prtcl	Prtcl	N	Vi	…,caesarDBakawaio,,np,
ra-eagle-story-032,aka,höp! dioimabödïiya tamboro mörö wïktong amök yarekadaneiya tutötok i'tuiya bra ji mörau ta tok a,höp	i-toima-bödï-i-ya	tamboro	mörö	wïk-dong	amök	yareka-dane-i-ya	t-tö-dok	i'tu-i-ya	bra	ji	mörau	ta	tok	ya,take.off	3-rotate-Iter-3-Erg	all	that	mountain-Pl	Pl	finish-while-3-Erg	3.Rfl-go-Nzr	know-3-Erg	Neg	Emph	there	say	3Pl	Erg,"höp! He took him round and round all the mountains, but he did not know where he was going then, they say",,,SW	Vt	Adv	Dem	N	Prtcl	Vt	N	Vt	Adv	Prtcl	Adv	Vt	Pro	P	…,caesarDBakawaio,,np,
ra-eagle-story-034,aka,Eneboro'pï se wïk ezek Eneboro'pï,Eneboro'pï	se	wïk	ezek	Eneboro'pï,Eneboro'pï	this	mountain	name	Eneboro'pï,The name of this mountain was Eneboro'pï,,,N	Dem	N	N	N	…,caesarDBakawaio,,np,
ra-eagle-story-037,aka,"möröbang ji wa'ka mïre ji dienau kïrö mïgï köik es'pï mörö, köik shi es'pï",möröbang	ji	wa'ka	mïre	ji	i-enau	kïrö	mïgï	köik	eji-'pï	mörö	köik	ji	eji-'pï,thereafter	Emph	axe	child	Emph	3-in.hand	3Sg.Anim	Hes	old.man	be-Past	A.I.?	old.man	Emph	be-Past,"Then, the old man who was taken away by the eagle was holding on to the axe",,What is going on here?,N	Prtcl	N	N	Prtcl	P	Pro	Prtcl	N	Vi	?	N	Prtcl	Vi	…,caesarDBakawaio,,?,
ra-eagle-story-038,aka,möra'tai ji kïrö ji piyang abö'ka'sai'ya tabiri aranggasakak,möra'tai	ji	kïrö	ji	piyang	abö'kabï-zak-i-ya	t-abiri	arangga-zak-i-ya-k,at.that.time	Emph	3Sg.Anim	Emph	hawk	tire-Perf-3-Erg	3.Rfl-wing	unfold-Perf-3-Erg-Style,"At that time, the tired giant hawk open up his wings",,*kïrö ji piyan*,Pro	Prtcl	Pro	Prtcl	N	Vi	N	Vt-TAM-Prs-Agr-?	…,caesarDBakawaio,,part,
ra-kone-o-story-007,aka,"e'tane, kone'o ezeru ege ne'pö'ang",e'tane	kone'o	ezeru	ege	n-eji-bödï-ang,however	rabbit	ways	big	3S-be-Hab-Pres,"However, there are lots of stories about kone'o",,,Prtcl	N	N	N	Prs-V-Asp-TAM	…,caesarDBakawaio,,np,
ra-kone-o-story-008,aka,kone'o a mïgï mörö kabïi u'ma'sak a'tai ja'neng ingbö i'mozak gaza te'seng mö go,kone'o	ya	mïgï	mörö	kabïi	u'madï-zak	a'tai	sa'ne-ng	imbö	i'mo-zak	kaza	t-eji-zeng	mörö	ko,rabbit	Erg	Hes	that	moon	deplete-Perf	when	Emph-Style	soury.nut	split-Perf	like	Adv-be-Abs.Nzr	that	Emph,"Kone'o did, do you know how the moon looks at month end, it looks like a a soury nut that is cut in half",,,N	P	Prtcl	Dem	N	Vt	Prtcl	Prtcl	N	Vt	P	N	Dem	Prtcl	…,caesarDBakawaio,,np,
ra-kone-o-story-010,aka,möra'tai ji kaiguze a eboro mörö kone'o ji eboroiya,möra'tai	ji	kaiguji	ya	eboro	mörö	kone'o	ji	eboro-i-ya,at.that.time	Emph	jaguar	Erg	find	that	rabbit	Emph	find-3-Erg,At that time the tiger came along and found him doing this,,,Pro	Prtcl	N	P	Vt	Dem	N	Prtcl	Vt	…,caesarDBakawaio,,np,
ra-kone-o-story-015,aka,nai ji da'pï kaiguji ya möröng.... tuna sak enbödïiya,nai	ji	ta-'pï	kaiguji	ya	mörö-ng	tuna	sa'ne	ene-bödï-i-ya,where	Emph	say-Past	jaguar	Erg	A.I.?-Style	water	Emph	see-Hab-3-Erg,"Where is it the tiger asked, there.. he said while looking into the water",,what is *möröng*?,N	Prtcl	Vt	N	P	?-?	N	Prtcl	V-Asp-Prs-Agr	…,caesarDBakawaio,,n,
ra-kone-o-story-022,aka,möra'tai ji mïgï mörö kaiguji ya ji omba'pï gia'nö be imbö sa'ne ji öp.. öp.. haing... za,möra'tai	ji	mïgï	mörö	kaiguji	ya	ji	omba-'pï	gia'nö	pe	imbö	sa'ne	ji	öp	öp	haing	sa'ne,at.that.time	Emph	Hes	that	jaguar	Erg	Emph	taste-Past	tasty	like	soury.nut	Emph	Emph	surpise	surpise	drama	Emph,Then the tiger tasted the imbö nuts and they were very sweet,,*mörö kaiguji ya*,Pro	Prtcl	Prtcl	Dem	N	P	Prtcl	Vt	N	P	N	Prtcl	Prtcl	SW	SW	SW	Prtcl	…,caesarDBakawaio,,np_arg,
ra-kone-o-story-028,aka,"mörörö marö i'mobödïiya doh! i'moiya ning, ku i'moiya ning kïrö kone'o ya ganang",mörö-rö	marö	i'mo-bödï-i-ya	doh	i'mo-i-ya	ning	kuru	i'mo-i-ya	ning	kïrö	kone'o	ya	kanang,that-Emph	also	split-Iter-3-Erg	break	split-3-Erg	Emph	Emph	split-3-Erg	Emph	3Sg.Anim	rabbit	Erg	again,"He was again cracking/bursting up the same imbö nuts doh!(SSW), this was kone'o again cracking up these nuts",,*kïrö kone'o ya*,Dem	Interj	Vt	SW	Vt	Prtcl	Prtcl	Vt	Prtcl	Pro	N	P	Pro	…,caesarDBakawaio,,np_arg,
ra-kone-o-story-030,aka,e'tane kuru mïgï mörö kone'o a inggu'töbödï ji,e'tane	kuru	mïgï	mörö	kone'o	ya	inggu'tö-bödï	ji,but	Emph	Hes	that	rabbit	Erg	fool-Hab	Emph,But it was during this time that kone'o was making him a fool,,*mörö kone'o ya*,Prtcl	Prtcl	Prtcl	Dem	N	P	Vt	Prtcl	…,caesarDBakawaio,,np_arg,
ra-kone-o-story-035,aka,iwenairö genïk ji mörö diemu wenairö i'mobödïiya mörö doh!... doh! warau.. sebang sa'ne,i-wenai-rö	genïk	ji	mörö	i-emu	wenai-rö	i'mo-bödï-i-ya	mörö	doh	doh	warau	serö-be-ang	sa'ne,3-close.to-Emph	specifically	Emph	that	3-testicles	close.to-Emph	split-Iter-3-Erg	A.I.?	break	break	open	this-Attr-Nzr	Emph,"He was bursting up the nuts very close to his testicles doh! doh! warau! (it opened up) ""This is how it is done""",,*mörö diemu wenairö*.,Prs-P-Prtcl	Prtcl	Prtcl	Dem	N	P	Vt	?	SW	SW	SW	N	Prtcl	…,caesarDBakawaio,,np_arg,
ra-kone-o-story-047,aka,aanöuya zerö da'pï ji mïgï mörö iwarga bök chi kaiguze a aanöuya zerö,a-anö-u-ya	serö	ta-'pï	ji	mïgï	mörö	iwarga	pök	ji	kaiguji	ya	a-anö-u-ya	serö,2-eat.meat-1-Erg	S.I.	say-Past	Emph	Hes	that	monkey	to	Emph	jaguar	Erg	2-eat.meat-1-Erg	S.I.,"I am going to eat you said the tiger to the monkey, I am going to eat you",,*mörö iwarga pök*,Vt	Prtcl	Vt	Prtcl	Prtcl	Dem	N	P	Prtcl	N	P	Vt	Prtcl	…,caesarDBakawaio,,np_arg,
ra-kone-o-story-069,aka,möröbang ji se paga a'chijai'ya es'pï mörö wa,möröbang	ji	serö	paga	a'chi-zak-i-ya	eji-'pï	mörö	wa,thereafter	Emph	this	cow	hold-Perf-3-Erg	be-Past	A.I.?Erg,"Then he (kone'o) held on to one of the rock cows, he was there",,*se paga*,N	Prtcl	Pro	N	Vt	Vi	?	P	…,caesarDBakawaio,,np_arg,
ra-kone-o-story-071,aka,"nai awong anauya ta'pïya ji mörö, nai awong anauya",nai	yau-ng	anö	a-ya	ta-'pï-i-ya	ji	mörö	nai	yau-ng	anö	a-ya,what	Loc-Nzr	eat.meat	2-Erg	say-Past-3-Erg	Emph	A.I.?	what	Loc-Nzr	eat.meat	2-Erg,"where does the meat you are eating come from, he said",,another nominalized postposition,N	N	Vt	P	Vt	Prtcl	?	N	N	Vt	P	…,caesarDBakawaio,,n,
ra-kone-o-story-054,aka,pïuu!.... monggi sa'ji eno'maiya sa'ji,pïuu	monggi	sa'ne	ji	eno'ma-i-ya	sa'ne	ji,fly	monkey	Emph	Emph	throw-3-Erg	Emph	Emph,"Pïuu!(SSW,sound made by the monkey travelling through the air) he threw the poor monkey",,Good example of particles within VP,SW	N	Prtcl	Prtcl	Vt	Prtcl	Prtcl	…,caesarDBakawaio,,n,
ra-personal-narrative-061,aka,möra'tai ji serö kamrang,möra'tai	ji	serö	kamrang,at.that.time	Emph	this	Kamarang,Then this kamarang,,,Pro	Prtcl	Pro	N	…,caesarDBakawaio,,np,
ra-personal-narrative-062,aka,"ya'mu gau urö endu'pï ji mörö, San Rafeal ta na'nek airö kuru se kamrang u'madï yau",y-a'mu	kau	urö	endu-'pï	ji	mörö	ta	nai-nek	airö	kuru	serö	kamrang	u'madï	yau,3-source	in.water	1Sg	be.born-Past	Emph	A.I.?	say	3.be.Pres-Rel	near	Emph	this	Kamarang	finish	Loc,Within its source I was born in what is known as San Rafeal which is really within the source of the kamarang river,,"*u'madï* is nominalized *u'madï-*∅, the argument of *yau*. *serö* modifies either *kamrang* or *u'madï kamrang*.",N	P	Pro	Vi	Prtcl	?	Vt	Vi-Rel	P	Prtcl	Pro	N	Vt	P	…,caesarDBakawaio,,np_arg,
ra-personal-narrative-077,aka,mörö bada'pï yak elda Kaskarang ye'pï mörö sungwa ji nya e'tane sairö,mörö	pada-'pï	yak	elda	Kaskarang	yebï-'pï	mörö	sungwa	ji	nya	eji-dane	sairö,that	place-Past	into	Elder	Kaskarang	come-Past	that	far.away	Emph	1+3	be-while	here,Then to replace him elder Kaskarang came while we were somewhere around there,,,Dem	N	P	N	N	Vi	Dem	Adv	Prtcl	Pro	Vi	Adv	…,caesarDBakawaio,,np,
ra-personal-narrative-086,aka,kaiwak mörawong chi'kö aneruba,kaiwak	mörau-ng	ji'kö	aneruba,grasshopper.Sp	there-Nzr	from	grasshopper.Sp,kaiwak and aneruba,,1) another nominalized postposition 2) what does it mean?,N	N	P	N	…,caesarDBakawaio,,n,
ra-personal-narrative-091,aka,"kiawök ning tok ezek, mörö ning kaiwak ning idezektong kamoro",kiawök	ning	tok	ezek	mörö	ning	kaiwak	ning	i-ezek-dong	kamoro,akushy.ants	Emph	3Pl	name	that	Emph	grasshopper.Sp	Emph	3-name-Pl	3.Pl.Anim,"Those whose name is kiawok(akushy ants), those who are also known as kaiwak",,what is the structure of the second clause?,N	Prtcl	Pro	N	Dem	Prtcl	N	Prtcl	N	Pro	…,caesarDBakawaio,,?,
ra-personal-narrative-097,aka,"sungwarönggong dö mörö nine, ten ya'tai tok dö wiinai, tumong ya'tai ta mö serö ji tumong a'tai e'nö, june month ya'tai",sungwarö-ng-gong	tö	mörö	a'tai	tok	tö	wïinai	tumong	a'tai	ta	mörö	zerö	ji	tumong	a'tai	eji-nnö	a'tai,far.away-Nzr-Pl.Abs	go	A.I.?	when	3Pl	go	during.the.day	rainy.season	when	say	A.I.?	this	Emph	rainy.season	when	be-1+2S	while,"Those akushy ants over there would fly at nine, ten in the day, during the rainy season, we are now in the rainy season, it is June month",,*zerö ji tumang*,N	Vi	?	Prtcl	Pro	Vi	Pro	N	Prtcl	Vt	?	Pro	Prtcl	N	Prtcl	Vi	Prtcl	…,caesarDBakawaio,,part,
ra-personal-narrative-107,aka,"waro'ma, kamo ji binimï be ji nene'sang waro'ma, mörawong ji'kö wek.. wek... wek.. kek",waro'ma	kamoro	ji	pinimï	pe	y-eji	n-ene-zang	waro'ma	mörau-ng	ji'kö	wek	wek	wek	wek,frog.Sp	3.Pl.Anim	Emph	walk	like	3-be	O.Nzr-see-Pl.Nzr	frog.Sp	there-Nzr	from	Frog.sound	Frog.sound	Frog.sound	Frog.sound,"Those waro'ma frogs that I have seen while I was travelling, and those that say wek..wek..wek..kek",,*kamo* [...] *nene'sang waro'ma* are all coreferential. *nene’sang* has a first person zero,N	Pro	Prtcl	Vi	P	Vi	N	N	N	P	SW	SW	SW	SW	…,caesarDBakawaio,,y,
ra-personal-narrative-109,aka,"korowa'mi amök dieze'tong kamoro, a'tai hee.....",korowa'mi	amök	i-ezek-dong	kamoro	a'tai	hee,frog.Sp	Pl	3-name-Pl	3.Pl.Anim	yes	groan,"Those are called kora'mi, yes hee",,"""korowa'mis is their name them""?",N	Prtcl	N	Pro	Prtcl	SW	…,caesarDBakawaio,,?,
ra-personal-narrative-110,aka,mörö anö tok a mörö kagorgok amök ya mörö ji waiga amök pe rönamo ji,mörö	anö	tok	ya	mörö	Kako-gok	amök	ya	mörö	ji	wai'ka	amök	be	rönamo	ji,that	eat.meat	3Pl	Erg	that	Kako-tribe	Pl	Erg	that	Emph	Akawaio	Pl	like	uncrtn	Emph,The people from Kako (kagorgoks) eat those and maybe they do this as an Akawaio(wai'ka),,*mörö kagorgok amök ya*,Dem	Vt	Pro	P	Dem	N	Prtcl	P	Dem	Prtcl	N	Prtcl	P	Prtcl	Prtcl	…,caesarDBakawaio,,np_arg,
ra-personal-narrative-114,aka,"kamrang, kamrang taiya sa'ji, se kamrang ezek pe sa'ji se kamrang idezek kamrani ze",kamrang	kamrang	ta	i-ya	sa'ne	ji	serö	kamrang	ezek	be	sa'ne	ji	serö	kamrang	i-ezek	kamrani	serö,Kamarang	Kamarang	say	3-Erg	Emph	Emph	this	Kamarang	name	like	Emph	Emph	this	Kamarang	3-name	Kamarang	this,"It is referring to kamarang, it is the name of this kamarang, kamrani river",,what is going on with names and third person marking?,N	N	Vt	P	Prtcl	Prtcl	Pro	N	N	P	Prtcl	Prtcl	Pro	N	N	N	Pro	…,caesarDBakawaio,,?,
ra-personal-narrative-117,aka,kamrang be sa'ji se eji tuna ezek kamrang,kamrang	pe	sa'ne	ji	serö	eji	tuna	ezek	kamrang,Kamarang	like	Emph	Emph	this	be	water	name	Kamarang,This river is called Kamrang,,"Very likely two clauses, though interesting because of the absence of a comma.",N	P	Prtcl	Prtcl	Pro	Vi	N	N	N	…,caesarDBakawaio,,n,
ra-personal-narrative-123,aka,"kuguigok ta dok a mörö bök, tuna bök kuru um.. ïng!",ku'kui-gok	ta	tok	ya	mörö	pök	tuna	pök	kuru	um	ïng,Ku'kui-tribe	say	3Pl	Erg	that	from	water	from	Emph	um	mmm,"They say that is kukuigok(tribe from Kukui), because of the river",,nice example of afterthought in akawaio,N	Vt	Pro	P	Dem	P	N	P	Prtcl	SW	?	…,caesarDBakawaio,,n,
ra-personal-narrative-125,aka,"mörö wenai ji agawaio ta na'nek ji eji mörö ka'pong be ji tok a eza'sak mörö Akawaio ta dok a, kamranigok ta dok ya ji wijagong be",mörö	wenai	ji	Akawaio	ta	nai-nek	ji	y-eji	mörö	ka'pong	pe	ji	tok	ya	ezagï-zak	mörö	Akawaio	ta	tok	ya	kamrani-gok	ta	tok	ya	ji	wijagong	pe,that	because	Emph	Akawaio	say	3.be.Pres-Rel	Emph	3-be	that	person	like	Emph	3Pl	Erg	name-Perf	A.I.?	Akawaio	say	3Pl	Erg	Kamarang-tribe	say	3Pl	Erg	Emph	other	like,That is why the Akawaios are named in that way in the Amerindian way and they also called them kamranigok as the alternative way to call them,,,Dem	P	Prtcl	N	Vt	Vi-Rel	Prtcl	Vi	Dem	N	P	Prtcl	Pro	P	Vt	?	N	Vt	Pro	P	N	Vt	Pro	P	Prtcl	N	P	…,caesarDBakawaio,,np,
ra-personal-narrative-126,aka,kuguigok ta dok a anebra tuna ji eji mörö kugui be gwai ja'ne mörö kuguigok ta dok a,ku'kui-gok	ta	tok	ya	anebra	tuna	ji	eji	mörö	ku'kui	pe	u-ka-i	sa'ne	mörö	ku'kui-gok	ta	tok	ya,Ku'kui-tribe	say	3Pl	Erg	because	water	Emph	be	that	Ku'kui	like	1-say-RPst	Emph	that	Ku'kui-tribe	say	3Pl	Erg,They call them tribe from Kukui(kukuigok)because the river is kukui I say,,the second *mörö* may be A.I. or it may go with *kuguigok*,N	Vt	Pro	P	Pro	N	Prtcl	Vi	Dem	N	P	Vi	Prtcl	Dem	N	Vt	Pro	P	…,caesarDBakawaio,,?,
ra-personal-narrative-133,aka,yago da tok a rö kamoro maimu Agawaio amök sa'ji maimu,yagoro	ta	tok	ya	rö	kamoro	maimu	Akawaio	amök	sa'ne	ji	maimu,brother.in.law	say	3Pl	Erg	Emph	3.Pl.Anim	language	Akawaio	Pl	Emph	Emph	language,Or they will say 'yago' which is the word Akawaios use,,*kamoro* likely goes with *maimu*,N	Vt	Pro	P	Prtcl	Pro	N	N	Prtcl	Prtcl	Prtcl	N	…,caesarDBakawaio,,n,
ra-personal-narrative-136,aka,möröwenai maing kuru wagï bra rö ji damörö mörörö ji tugaik na'kö tok ya auro'kazak nai e'tane,mörö	wenai	maing	kuru	wagï	bra	rö	ji	tamö-rö	mörö-rö	ji	tugaik	na'kö	tok	ya	auro'ka-zak	nai	e'tane,that	because	word	Emph	good	Neg	Emph	Emph	you.know-Emph	that-Emph	Emph	like	maybe	3Pl	Erg	tell-Perf	3.be.Pres	but,"This is why there is really no good language, maybe they have also told you so, but",,,Dem	P	N	Prtcl	N	Adv	Prtcl	Prtcl	Prtcl	Dem	Prtcl	P	Adv	Pro	P	Vt	Vi	Prtcl	…,caesarDBakawaio,,part,
ra-personal-narrative-137,aka,mörö ning wiik e'tane egamauya mörö mörö yago're,mörö	ning	wiik	e'tane	egama-u-ya	mörö	mörö	yago're,that	Emph	while	however	tell-1-Erg	A.I.?	that	brother.in.law,"However, while this is so, I am telling you about yago're",,,Dem	Prtcl	Pro	Prtcl	Vt	?	Dem	N	…,caesarDBakawaio,,np,
ra-personal-narrative-138,aka,mörö yau rö yago're da dok a mörö turonggong ya rö mörau rö yago're ta dok ya rö tudombagong ezagï tok a,mörö	yau	rö	yago're	ta	tok	ya	mörö	turonnö-gong	ya	rö	mörau	rö	yago're	ta	tok	ya	rö	t-tomba-gong	ezagï	tok	ya,that	Loc	Emph	brother.in.law	say	3Pl	Erg	Fut	another-Pl	Erg	Emph	there	Emph	brother.in.law	say	3Pl	Erg	Emph	3.Rfl-relative-Pl.Psr	name	3Pl	Erg,"Within there some others would say yago're, this is how they would call their relative",,Interesting: *tok ya* and*turonnögong ya* are separated by postverbal *mörö*,Dem	P	Prtcl	N	Vt	Pro	P	Prtcl	N	P	Prtcl	Adv	Prtcl	N	Vt	Pro	P	Prtcl	N	Vt	Pro	P	…,caesarDBakawaio,,part,
ra-personal-narrative-154,aka,i'au biaruji ji mörö Sebel mörau biyau tok dösak egebe,i-'au	i-paruji	ji	mörö	Sebel	mörau	piyau	tok	tö-zak	ege-be,3-in.possession	3-younger.sister	Emph	that	Cebel	there	near.to	3Pl	go-Perf	big-Attr,"With him is his sister Cebel, they have gone there in great numbers",,,P	N	Prtcl	Dem	N	Adv	P	Pro	Vi	A	…,caesarDBakawaio,,np,
ra-personal-narrative-157,aka,iwangbe tok eji tok enubaning bra tugaik serö yau maing eji mörö maing,iwang-be	tok	eji	tok	enuba-ning	bra	tugaik	serö	yau	maing	eji	mörö	maing,hunger-Attr	3Pl	be	3Pl	teach-A.Nzr	Neg	like	this	Loc	word	be	that	word,There is word here that they are hungry and there is no one to teach them,,*serö yau maing* ‘at this word’,A	Pro	Vi	Pro	N	Adv	P	Pro	P	N	Vi	Dem	N	…,caesarDBakawaio,,posp,
ra-personal-narrative-166,aka,serau rï'kwörö nai aigorkwö wan e'ka mang serau kwö aigo,serau	rï'kwö-rö	nai	aigo	rï'kwö	wan	e'ka	mang	serau	rï'kwö	aigo,here	Dim-Emph	3.be.Pres	small	Dim	one	acres	3.be.Pres	here	Dim	small,"Here , there is only a small one, it is one acre",,*aigorkwö wan e'ka*,Adv	Adv?-Prtcl	Vi	N	Pro	Prtcl	N	Vi	Adv	Pro	N	…,caesarDBakawaio,,np,
ra-personal-narrative-190,aka,"pagira, pöinggö, urana, aku kamorö a kuru mïgï mörö egi yögu",pagira	pöinggö	urana	agu	kamoro-rö	ya	kuru	mïgï	mörö	egi	ögu,peccary	wild.hog	paca	agouti	3.Pl.Anim-Emph	Erg	Emph	Hes	that	cassava	eat.cassava,"The wild hog, the rodent urana, the aguti, these are the ones that eat the cassava",,*mörö egi ögu*,N	N	N	N	Pro	P	Prtcl	Prtcl	Dem	N	Vt	…,caesarDBakawaio,,np_arg,
ra-personal-narrative-193,aka,"serau ji tok eji mörö, kïrörörö urana a ögu mörö",serau	ji	tok	eji	mörö	kïrö-rö-rö	urana	ya	ögu	mörö,here	Emph	3Pl	be	A.I.?	3Sg.Anim-Emph-Emph	paca	Erg	eat.cassava	A.I.?,"Here, they have the rodent urana, he eat the cassava",,*kïrörörö urana ya*,Adv	Prtcl	Pro	Vi	?	Pro-Prtcl-Prtcl	N	P	Vt	?	…,caesarDBakawaio,,np_arg,
ra-personal-narrative-196,aka,möröwenai aza'rö mïgï te'seng urö imainarï,mörö	wenai	aza'rö	mïgï	t-eji-zeng	urö	i-maina-ri,that	because	two	Hes	Adv-be-Abs.Nzr	1Sg	3-farm-Psd,This is why I always have two farms,,how is the numeral related to the farms? Spike: 'Because of that my farms (are) being two.',Dem	P	Prtcl	Prtcl	N	Pro	N	…,caesarDBakawaio,,n,
ra-personal-narrative-200,aka,"serubö rö pömïi rö, pumpkin rubö rö pömïuya",serö	rubö	rö	pïmïi	rö	rubö	rö	pömï-u-ya,this	like	Emph	pepper	Emph	like	Emph	plant-1-Erg,Because I plant things like pepper and pumpkin,,what is the argument of *pömïuya*?,Pro	P	Prtcl	N	Prtcl	P	Prtcl	Vt	…,caesarDBakawaio,,?,
ra-personal-narrative-204,aka,pïzamo koroba bong warawok nongga'pïiya temari'ma dïbo rö,pïzamo	koroba	po-ng	warawok	nongga-'pï-i-ya	t-emari'ma	tïbo	rö,these.Anim	Koroba	Loc-Nzr	boy	leave-Past-3-Erg	3.Rfl-get.married	after	Emph,She left this man from Koroba after marrying him,,a four-word NP,Pro	N	N	N	Vt	Vi	Adv	Prtcl	…,caesarDBakawaio,,y,
ra-personal-narrative-208,aka,tri gaijarö imunggö amök ennaga'sak tugaik etauya,tri	gaijarö	mung-gö	amök	enna-gabï-zak	tugaik	eda-u-ya,three	in.number	nest-Imper	Pl	nose-Cmpltv-Perf	like	hear-1-Erg,I have heard that she has three children,,What is *enna*? (I’m pretty sure it’s not ‘nose’),Prtcl	Adv	N	Prtcl	N	P	Vt	…,caesarDBakawaio,,np_arg,
ra-personal-narrative-218,aka,udö ze Agast a'tai dö ze dabök kaji be rö gio'mamï Sintia mörau gio'mamï mörö,u-tö	serö	Agast	a'tai	tö	serö	ta-bök	kaji	pe	rö	i-ko'mamï	Sintia	mörau	i-ko'mamï	mörö,1-go	this	August	when	go	S.I.	say-Prog	lie	like	Emph	3-live	Cynthia	there	3-live	A.I.?,She keep saying she will be coming in August and this is a lie. That is Cyntia and that is how she is living,,,Vi	Pro	N	Prtcl	Vi	Prtcl	Vt	N	P	Prtcl	Vi	N	Adv	Vi	?	…,caesarDBakawaio,,np,
ra-personal-narrative-225,aka,möröwenai mïgï zerö pogoi bök eji,mörö	wenai	mïgï	serö	pogoi	pök	eji,that	because	Hes	this	sadness	from	be,That is why I am suffering from saddness,,*serö pogoi pök*,Dem	P	Prtcl	Pro	N	P	Vi	…,caesarDBakawaio,,np_arg,
ra-personal-narrative-238,aka,mörö mïgï biri'ning be ah... mïgï ya pasta ya diegare egama,mörö	mïgï	pirigï-ning	pe	ah	mïgï	ya	pasta	ya	i-egare	egama,that	Hes	add.more-A.Nzr	like	ah	this	Erg	Pastor	Erg	3-sermon	tell,To add to this (HES) the pastor preached a sermon,,*mïgï ya pasta ya*!,Dem	Prtcl	N	P	Interj	Pro	P	N	P	N	Vt	…,caesarDBakawaio,,np,
ra-personal-narrative-243,aka,serö rögeng jo'chi dak döngbök ejing... tok a'körö geng ji,serö	rögeng	jo'chi	tak	tö-nöbök	eji-ng	tok	a'körö	keng	ji,this	only	church	into	go-Prog	be-Style	3Pl	Instr	doubt	Emph,Only now I am going to church with them,,example of *serö* meaning 'now',Pro	Prtcl	N	P	Vi	Vi	Pro	P	Prtcl	Prtcl	…,caesarDBakawaio,,n,
ra-personal-narrative-246,aka,seröbe tri gaijarö mö agï'sau'ya mörö sungwa,serö-be	tri	gaijarö	mö	agïdï-zak-u-ya	mörö	sungwa,this-Attr	three	in.number	farm	cut-Perf-1-Erg	A.I.?	far.away,Presently I have cut down three farms over there,,*tri gaijarö mö*,A	Prtcl	Adv	N	Vt	?	Adv	…,caesarDBakawaio,,np_arg,
ra-personal-narrative-251,aka,"kane kïrö mïre aröuwa ba ganang dö ya'körö, janek mïre",kane	kïrö	mïre	arö-u-wa	pa	kanang	tö	y-a'körö	janek	mïre,no	3Sg.Anim	child	carry-1-Erg	grandchild	again	go	1-Assoc	Janet	child,"No, I am carrying my child, my grandchild is going with me, Janet's child",,*kïrö mïre aröuwa*,?	Pro	N	Vt	N	Pro	Vi	P	N	N	…,caesarDBakawaio,,np_arg,
ra-personal-narrative-262,aka,möröwenai ko'mamï dauya mö tigingnö biada bra go'mamï,mörö	wenai	ko'mamï	ta-u-ya	mörö	tiginnö	i-pada	bra	ko'mamï,that	because	live	say-1-Erg	A.I.?	one	3-place	Neg	live,That is why I live without one place of abode,,'without one place of abode',Dem	P	Vi	Vt	?	Prtcl	N	Adv	Vi	…,caesarDBakawaio,,np,
ra-personal-narrative-263,aka,möröwenai mörö ji köik amök go'mangbödï'pï sa'ne ji prarö ji tauya mö se au ji zemo'kazak ke,mörö	wenai	mörö	ji	köik	amök	ko'mamï-bödï-'pï	sa'ne	ji	bra-rö	y-eji	ta-u-ya	mörö	serö	yau	ji	semo'ka-zak	ke,that	because	that	Emph	old.man	Pl	live-Iter-Past	Emph	Emph	Neg-Emph	3-be	say-1-Erg	that	this	Loc	Emph	grow.up-Perf	Instr,"That is why I say that the old customs of the old men is non existent, because I grew up here",,,Dem	P	Dem	Prtcl	N	Prtcl	Vi	Prtcl	Prtcl	Prtcl	Vi	Vt	Dem	Pro	P	Prtcl	Vi	P	…,caesarDBakawaio,,np,
ra-personal-narrative-280,aka,"go'mannödok i'tuya bra rö jibök tauya mörö, mörö ning zemo'ka'pï au rögeng i'tuuya",ko'mamï-nö-dok	i'tu-u-ya	bra	rö	eji-bök	ta-u-ya	mörö	mörö	ning	semo'ka-'pï	yau	rögeng	i'tu-u-ya,live-Inf-Nzr	know-1-Erg	Neg	Emph	be-Prog	say-1-Erg	A.I.?	that	Emph	grow.up-Past	Loc	only	know-1-Erg,"I do not know the culture, I only know the one I grew up in",,*mörö ning zemo'ka'pï au* 'the one I grew up in' 1) nice long NP 2) what is the argument of 'know'? ,N	Vt	Adv	Prtcl	Vi	Vt	?	Dem	Prtcl	Vi	P	Prtcl	Vt	…,caesarDBakawaio,,np_arg,
ra-piya-ma-story-009,aka,"mïre amök mo'kabödï'pï iyaang, tri for gaijarö mïre amök arö iya.",mïre	amök	mo'ka-pödï-'pï	i-ya-ng	tri	for	gaijarö	mïre	amök	arö	i-ya,child	Pl	take.away-Iter-Past	3-Erg-Style	three	four	in.number	child	Pl	carry	3-Erg,"He use to take away the children, sometimes three and four in number, he will take them away",,*tri for gaijarö mïre amök*,N	Prtcl	Vt	Prs-P-?	Prtcl	Prtcl	Adv	N	Prtcl	Vt	P	…,caesarDBakawaio,,np_arg,
ra-piya-ma-story-021,aka, tu gaijaronggong es'pï mörö boisamök azak tok a ji piyai'ma a ji.,…	tu	gaijarö-ng-gong	eji-'pï	mörö	bois	amök	arö-zak	tok	ya	ji	piyai'ma	ya	ji,…	two	in.number-Nzr-Pl	be-Past	that	boys	Pl	carry-Perf	3Pl	Erg	Emph	giant	Erg	Emph,There were two boys who the piyai'ma had taken there,,"1) *tru gaijarongong es'pi mörö boisamök* with a V in between , 2) *tok a* and then *piyai'ma a*?",…	Prtcl	N	Vi	Dem	N	Prtcl	Vt	Pro	P	Prtcl	N	P	Prtcl	…,caesarDBakawaio,,y,
ra-piya-ma-story-023,aka,kayuni gak dö zerö konoik pök ta iya piyai'ma a tïno'pï bök.,kayuni	gak	tö	zerö	konoik	bök	ta	i-ya	piyai'ma	ya	tï-no'pï	bök,Kuyuni	into.liq	go	this	fishhook	WRT	say	3-Erg	giant	Erg	3Rfl-wife	to,I am going to the Kuyuni river to do some fishing' This is what piyai'ma said to his wife,,afterthought,N	P	Vi	Pro	N	P	Vt	P	N	P	N	P	…,caesarDBakawaio,,n,
ra-piya-ma-story-032,aka,"ö'rö, pïze a wöng möröwenai pöröu gonegazak tok a es'pï, tok pïre, pöröu.",ö'rö	pïze	ya	wönö	mörö	wenai	pöröu	gonega-zak	tok	ya	eji-'pï	tok	pïre	pöröu,what	this.Anim	Erg	kill	that	because	arrow	make-Perf	3Pl	Erg	be-Past	3Pl	arrow	arrow,"""What? this one will kill us!"" For this reason, they had made an arrow, their arrow, an arrow.",,is *pïze a wöng* a normal way of saying 'this one will kill us'?,N	Pro	P	Vt	Dem	P	N	Vt	Pro	P	Vi	Pro	N	N	…,caesarDBakawaio,,n,
ra-piya-ma-story-038,aka,ah. inggebra. inggebra woroik! tïbïre a'körö ji mörö mo'ka'pï kïrörö a mörö,ah	ingge	bra	ingge	bra	woroik	tï-pïre	a'körö	ji	mörö	mo'ka-'pï	kïrö-rö	ya	mörö,ah	slowly	Neg	slowly	Neg	take.out	3Rfl-arrow	Instr	Emph	that	take.out-Past	3Sg.Anim-Emph	Erg	A.I.?,she took out her arrow woroik!(SSW) and with it the charm,,Spike: [*tïbïre a'körö*] *ji* [[*mörö*] *mo’ka’pï*],Interj	Adv	Adv	Adv	Adv	SW	N	P	Prtcl	Dem	Vt	Pro	P	?	…,caesarDBakawaio,,n,
ra-piya-ma-story-041,aka,"möröbang ji mïgï mörö tïbïre a'körö se konegazai'ya es'pï, yöi bök diebu shi, sairong bök diebu shi",möröbang	ji	mïgï	mörö	tï-pïre	a'körö	se	konega-zak	i-ya	eji-'pï	yöi	bök	i-ebu	ji	sairong	bök	i-ebu	ji,thereafter	Emph	Hes	that	3Rfl-arrow	Instr	this	make-Perf	3-Erg	be-Past	stick	on	3-handle	Emph	around.here	on	3-handle	Emph,"Then she had made the charm that was placed onto a stick with a handle, it attached to the handle",,Spike: [[*mörö tïbïre*] *a'körö*] [*se konegazai'ya*] '[with [that arrow]] [she (had) made this]’,N	Prtcl	Prtcl	Dem	N	P	Dem	Vt	P	Vi	N	P	N	Prtcl	N	P	N	Prtcl	…,caesarDBakawaio,,np_arg,
ra-piya-ma-story-051,aka,"ege ji ka'pong amök kenïk kuibabö'tok au öinö es'pï mörö kuzang be, öinö",ege	ji	ka'pong	amök	kenïk	guibö-bödï-dok	yau	öinö	eji-'pï	mörö	kuzang	be	öinö,big	Emph	person	Pl	Purp	cook-Iter-Nzr	Loc	pot	be-Past	that	long	like	pot,Now there was an elongated pot there for cooking humans,,don’t know how to analyze this,N	Prtcl	N	Prtcl	P?	N	P	N	Vi	Dem	N	P	N	…,caesarDBakawaio,,?,
ra-piya-ma-story-055,aka,warawïdï'shi amök sa'ji moi a'tazak i'tuiya,warawïdï'shi	amök	sa'ne	ji	moi	a'ta-zak	i'tu	i-ya,boys	Pl	Emph	Emph	pubic.hair	grow-Perf	know	3-Erg,He was predicting that the boys pubic hair had grown,,good example of *amök sa'ne ji* within possessive NP,N	Prtcl	Prtcl	Prtcl	N	Vi	Vt	P	…,caesarDBakawaio,,n,
convwho-010,mak,Aakene... tumjune'da awa'deuwüdü e'nei iyö adödawö öuwö.,aakene	tumjune'da	a-w-a'deuwü-dü	e'nei	iyö	0-adö-dawö	a-uwö,como	fuertemente	2S-INTR-hablar-NZR.1	a_pesar_de	DEMin	3O-llevar-CONSEC	2-ERG,Este... de la misma manera que tu hablas duro cuando te la llevas (te llevas a alguien a la casa).,,,interr	ad	n	pp	pro	adv	posp	…,caceresDByekwana,,np,
convwho-012,mak,¡Aaa! möönü judumatommaane kaawede küüdüa yawö ¿möönü toonimmaane yawö?,aaa	möönü	judume-ato-mma-:ne	kaawede	k^-üdü-a	yaawö	möönü	tooni-mma-:ne	yaawö,ah	DEM3in	negro-NZR.5-EXCL-INTENS	cable	1+2/3-poner-NPST	entonces	DEM3in	uno-solamente-INTS	entonces,¡Ah! ¿sólo vamos a poner el cable negro?,,*möönü judumatommaane kaawede*,interj	pro	ad	n	v	ptc	pro	num-ptc-ptc	ptc	…,caceresDByekwana,,np,
convwho-028,mak,¿Chööwa'köto ka womjiiyu menejö amödö?,chö-wa'kö-ato	ka	womjiiyu	m-enejü-i	amödö,3-igual-NZR.5	QP	bombillo	2/3-traer-PRP	2s,¿ Trajiste bombillos que le sirven?,,,n	interr	n	v.t.	pro	…,caceresDByekwana,,part,
convwho-031,mak,Cuatroje tü womjiiyu nña nenejüdü na'janne ¿yööje'kene?,cuatro=je	tü	womjiiyu	nña	n-enejü-dü	n-a'ja-aanö-de	yööje-'kene,cuatro=ATRB	INTENS	bombillo	1+3	SHR-traer-NZR.1	3S-COP-PRI-INTENS	así-CONFIRM?,Trajimos cuatro bombillos ¿verdad?,,,adv	ad	ptc	n	pro	n	pers-v.i.a-TAM-suf.ad	adv	…,caceresDByekwana,,part,
convwho-051,mak,"Ekamma'jokö eduwa mö'dö, José eduwa.",0-ekamma'jo-kö	eduwa	mö'dö	José	eduwa,3O-preguntar-IMP	ahora	DEM1an	José	ahora,pregúntale a José ahora,,elaboration pattern,v.t.	ad	pro	n	ad	…,caceresDByekwana,,n,
convwho-058,mak,"Se'koto'kö cablemmödö a'ke naawü, edö tüdütojo.",se'kö-ato-'kö	cable	mödö	a'ke	na	ewü	edö	t-üdü-tojo,pequeño-NZR.5-DIM	cable	DEM2in	nada	3.COP	1SG	DEM1in	3O-hacer-INSTR,"a mi me falta un cable chiquito, para hacer esto",,,ad	n	pro	ad	v.i.a	pro	pro	n	…,caceresDByekwana,,np,
ctoabjpic-003,mak,"Yo'jüdüje küna'jaakö tüwü, akudi...",i-wo'jüdü-0=je	kün-a'ja-aakö	tüwü	akudi,3-suegra-POSS.3=ATRB	3S.PAS-COP-PDI	3.SG	picure,La picure era como su suegra.,,afterthought,n	ad	v.i.a	pro	n	…,caceresDByekwana,ctoabjpic-003,n,
ctoabjpic-008,mak,aakömma wanö... kiyede munu kunu'kwai.,aakö-mma	wanö	kiyede	munu-0	kün-u'ka-i,dos-EXCL	abeja	yuca	tubérculo-POSS.3	3/3.PAS-sacar-PAS,La abeja sacó dos tuberculos de yuca.,,"afterthought-ish, but the number is not repeated",num-ptc	n	n	n	v.t.	…,caceresDByekwana,ctoabjpic-008,y,
ctoabjpic-016,mak,"Tüwü küntömö yaawö ñöödö, akudi küntömö unwa.",tüwü	kün-tö(mö)-i	yaawö	ñöödö	akudi	kün-tö(mö)-i	unwaa,3.SG	3S.PAS-ir-PRP	entonces	DEMan	picure	3S.PAS-ir-PRP	por_allá.2,"Ella se fue, aquella, la picure se fue por allá.",,"1) elaboration pattern, 2) how are *tüwü* and *ñöödö* related? Note that the original transcription says *tüwü küntömö yaawö, ñöödö akudi küntömö unwa*, which clearly does not match the audio!",pro	v.i.a	ptc	pro	n	v.i.a	deict	…,caceresDByekwana,ctoabjpic-016,y,
ctoabjpic-020,mak,"Iyö yumunu'kö ya'me yaawö, künö'düi yaawö inña.",iyö	y-munu-0-'kö	ya'me	yaawö	kün-ö'dü-i	yaawö	inña,DEMin	3-tubérculo-POSS.3-DIM	consigo	entonces	3S.PAS-ponerse-PRP	entonces	allá,"Con ese tuberculo, la dejó allá.",,,pro	n	pp	ptc	v.i.a	ptc	deict	…,caceresDByekwana,ctoabjpic-020,np,
ctoabjpic-025,mak,"Chöötü küna'jaakö tüwü... akudi etü, ""Manawa"".",chö-ötü-0	kün-a'ja-aakö	tüwü	akudi	e-ötü-0	Manawa,3-nombre-POSS.3	3.PAS-COP-PDI	3.SG	picure	REL-nombre-POSS.3	Manawa,"El nombre del picure era ""Manawa"".",,treating *tüwü* as a false start,n	v.i.a	pro	n	n	n	…,caceresDByekwana,ctoabjpic-025,n,
ctoabjpic-027,mak,"Tüw- tüwü wanö etü küna'jaakö yaawö, Tajööju.",***-tüwü	wanö	e-ötü-0	kün-a'ja-aakö	yaawö	Tajööju,***-3.SG	abeja	REL-nombre-POSS.3	3.PAS-COP-PDI	entonces	Tajööju,El nombre de la abeja era Tajööju.,,,***-pro	n	n	v.i.a	ptc	n	…,caceresDByekwana,ctoabjpic-027,np,
ctoabjpic-007,mak,"inña, a'ye xxx küntömö, küntööjö'aakö tüwü, wanö.",inña	a'ye	xxx	kün-ütö(mö)-i	kün-ütö(mö)-jötü-aakö	tüwü	wanö,allá	breve	xxx	3S.DIS-ir-PRP	3S.DIS-ir-PLAC-PDI	3.SG	abeja,"Por allá, ella la abeja fue enseguida.",,afterthought,deict	ad	xxx	v.i.a	pers-v.i.a-TAM-TAM	pro	n	…,caceresDByekwana,ctoabjpic-007,n,
ctoabjpic-032,mak,"Yaawö künö'düi tüwü, akudi.",yaawö	kün-ö'dü-i	tüwü	akudi,entonces	3S.PAS-llegar-PRP	3.SG	picure,Ahí llegó ella la picure.,,afterthought,ptc	v.i.a	pro	n	…,caceresDByekwana,ctoabjpic-032,n,
ctoabjpic-035,mak,Aakö tünküi künenüntöi iyö.,aakö	tünküi	kün-enüntö-i	iyö,dos	sebucán	3/3.PAS-llenar_sebucán-PRP	DEMin,Lo puso en dos sebucanes.,,*aakö tünküi*,num	n	v.t.	pro	…,caceresDByekwana,ctoabjpic-035,np_arg,
ctoabjpic-036,mak,Kusshi künnüi chenña tüwümmaja yaawö. Wanömmaja.,kusshi	kün-üdü-i	de'a	tüwü=mmaja	yaawö	wanö=mmaja,bebida_kusshi	3/3.PAS-hacer-PRP	REIT	3.SG=también	entonces	abeja=también,"Ya había hecho la bebida (kushi) ella misma, la abeja misma.",,elaboration pattern,n	v.t.	ptc	pro	ptc	ptc	n	ptc	…,caceresDByekwana,ctoabjpic-036,n,
ctoabjpic-038,mak,Iyö... yentatütojo addödömmaja yaawö...,iyö	i-w-entatü'-tojo	addödö=mmaja	yaawö,DEMin	3S-INTR-enjuagar_boca-INSTR	aparte=también	entonces,Eso... el enjuague para la boca estaba aparte...,,,pro	n	ad	ptc	ptc	…,caceresDByekwana,ctoabjpic-038,np,
ctoabjpic-051,mak,"""Edö owoküdü wanñö'nöi"" ke.",edö	o-wokü-dü	0-wanñö'nö-i	ke,DEM1in	2-bebida-POSS.1	1-tía-POSS.2	QUOT,"""Suegra, toma tu bebida"".",,,pro	n	n	ptc	…,caceresDByekwana,ctoabjpic-051,np,
ctoabjpic-055,mak,"""Edööne iyö owoküdü yaawö eese naadüüne"".",edö-:ne	iyö	o-wokü-dü	yaawö	eese	na=dü-:ne,DEM1in-INTENS	DEMin	2-bebida-POSS.1	entonces	por_acá	3.COP=REL-INTENS,"""Esta si es tu bebida, la que está de este lado.""",,,pro	pro	n	ptc	deict	COP=ptc-ptc	…,caceresDByekwana,ctoabjpic-055,np,
ctoabjpic-057,mak,Yawööne iyö yooküdü kuntui yaawö.,yaawö-:ne	iyö	i-wokü-dü	kün-uttu-i	yaawö,entonces-INTENS	DEMin	3-bebida-POSS.1	3/3.PAS-dar-PRP	entonces,Ahí sí le dió su bebida.,,*iyö yooküdü*,ptc	pro	n	v.t.	ptc	…,caceresDByekwana,ctoabjpic-057,np_arg,
ctoabjpic-067,mak,yööje künö'düaakö ñöödö tinñouwö yaawö:,yööje	kün-ö'dü-aakö	ñöödö	t-inño-0	uwö	yaawö,así	3.PAS-decir-PDI	DEMan	3.REFL-esposo-POSS.3	DAT	entonces,le dijo así a su esposo:,,"*ñöödö* could be 'she', or it could belong to *tinñouwö*",ad	v.i.a	pro	n	posp	ptc	…,caceresDByekwana,ctoabjpic-067,n,
ctoabjpic-078,mak,Mödöje mö'dö wanö küntömö yaawö.,mödöje	mö'dö	wanö	kün-tö(mö)-i	yaawö,así	DEM1an	abeja	3.PAS-ir-PRP	entonces,Así se fue la abeja.,,,ad	pro	n	v.i.a	ptc	…,caceresDByekwana,ctoabjpic-078,np,
ctoabjpic-088,mak,¿Wodi mö'dö wanö yaawö?,wodi	mö'dö	wanö	yaawö,mujer	DEM1an	abeja	entonces,¿La abeja es una mujer?,,,n	pro	n	ptc	…,caceresDByekwana,ctoabjpic-088,np,
ctoabjpic-089,mak,Wodi mö'dö wanö.,wodi	mö'dö	wanö,mujer	DEM1an	abeja,La abeja es una mujer.,,,n	pro	n	…,caceresDByekwana,ctoabjpic-089,np,
ctoabjpic-090,mak,¿Yööje yeijökkö kaado iyö yooküdü nai?,yööje	i-w-ei	jökkö	kaado	iyö	i-wokü-dü	na-i,así	3S-INTR-COP	porque	rico	DEMin	3-bebida-POSS.1	3.COP-INTER,¿Es por eso que su bebida (miel) es rica?,,,ad	v.i.a	pp	ad	pro	n	v.i.a	…,caceresDByekwana,ctoabjpic-090,np,
ctoabjpic-094,mak,"Ee, wodije tüwü küna'jaakö wanö.",ee	wodi=je	tüwü	kün-a'ja-aakö	wanö,sí	mujer=ATRB	3.SG	3.PAS-COP-PDI	abeja,"Sí, ella la abeja era una mujer",,,ptc	adv	pro	v.i.a	n	…,caceresDByekwana,ctoabjpic-094,y,
convchur-008,mak,"Tüjüdatai ejodütojoje, tüjüdatai ejodütojoje mödö yawö",t-jüdata-i	0-ejodü-tojo=je	t-jüdata-i	0-ejodü-tojo=je	mödö	yaawö,3.REFL-plata-POSS.2	3O-conseguir-INSTR=ATRB	3.REFL-plata-POSS.2	3O-conseguir-INSTR=ATRB	DEM2in	entonces,"para conseguirse su plata, para conseguirse su plata",,,n	n	ad	adv	n	ad	pro	ptc	…,caceresDByekwana,,y,
convchur-009,mak,"aneija mödöje yadanawi chü'tajötüdü na, yadanawi mödöjemmödö",aneija	mödöje	yadanawi	i-tü'tajötü-dü	na	yadanawi	mödöje	mödö,otro	así	no_indígena	INTR.C-pensar-NZR.1	3.COP	no_indígena	así	DEM2in,"otros criollos piensan así, el criollo es así",,"1) *aneija ... yadanawi*, 2) yadanawi ... mödö",n	ad	n	n	v.i.a	n	ad	pro	…,caceresDByekwana,,y,
convchur-011,mak,"aneija keene aasicha ke chü'tajötüdü na mööyö daane, Nalúa küna'jaakö",aneija	keene	aasicha	ke	i-tü'tajötü-dü	na	mööyö	daane	Nalúa	kün-a'ja-aakö,otro	CONTR	bueno	QUOT	3S-pensar-NZR.1	3.COP	DEM2an	INCERT	Nalúa	3.PAS-COP-PDI,Otros son buenos pensadores como por ejemplo como era Nalúa,,what does *mööyö* refer to? Audio says: missing material,n	ptc	ad	ptc	n	v.i.a	pro	ptc	n	v.i.a	…,caceresDByekwana,convchur-011,?,
convchur-020,mak,"Nadua aiño mö'dö yawö, mö'döakkö awa'deene künoojodüicho",Nadua	ai-no	mö'dö	yaawö	mö'dö	akkö	awa'de-:ne	kün-oojodü-i=to,Nalúa	a_través-NZR.PP	DEMan	entonces	DEMan	con	primero-INTENS	3.PAS-encontrarse-PRP	COLL,"fue a través de Nalúa, es con ella que se encontraron primero",,,n	pp-suf.pp	pro	ptc	pro	pp	adv	pers-v.i.r-tns	ptc	…,caceresDByekwana,,posp,
convchur-023,mak,"Kuyujaani künekammai tüwü ñöödö Nadua yawö, ""kannojoinñe wüdüneewü"" ke.",Kuyujaani	kün-ekamma-i	tüwü	ñöödö	Nadua	yaawö	kanno-joi-nñe	w-üdü-ne	ewü	ke,Kuyujaani	3.PAS-informar-PRP	3.SG	DEMan	Nalúa	entonces	DEM1an.PL-a_través-PL	INTR-hacer-PDP	1SG	QUOT,"Nalúa le recomendó Kuyujani ""A través de ellos yo lo hice""",,,n	v.t.	pro	pro	n	ptc	pro-pp-suf.ad	v.t.	pro	ptc	…,caceresDByekwana,,y,
convchur-027,mak,"össano ka atamudu küna'jaakö ke, mödö küna'jaakö Nadua, mödö chöötü antropología",össha-no	ka	a-tamu-dü	kün-a'ja-aakö	ke	mödö	kün-a'ja-aakö	Nadua	mödö	chö-ötü-0	antropología,dónde-de	QP	2-abuelo-POSS.1	3.PAS-COP-PDI	QUOT	DEM2in	3.PAS-COP-PDI	Nalúa	DEM2in	3-nombre-POSS.3	antropología,"!""¿Quién era tu abuelo?"" hacía [decía] Nalúa, el nombre de eso es antropología",,'that's what nadua said',interr-pp	interr	n	v.i.a	ptc	pro	v.i.a	n	pro	n	n	…,caceresDByekwana,,n,
convchur-028,mak,"mööyö keene eduwa a'deujokkono dö'ja, ye'kwana a'deddu, mödö wa'dennö mödö",mööyö	keene	eduwa	a'deu	jökkö-no	dö'ja	ye'kwana	a'deu-dü	mödö	w-a'deu-nö	mödö,DEM	CONTR	ahora	palabra	sobre-de	turno	ye'kwana	palabra-POSS	DEMin	INTR-hablar-INTR	DEMin,"Ahora esta es sobre el habla, la lengua ye'kwana, nuestro hablar",,,pro	ptc	ad	n	posp	???	n	n	pro	pref.v-v.intr.o-suf.v	pro	…,caceresDByekwana,,np_dd,
convchur-029,mak,"mödö tü wa'dennö mödööne, ka'de'jö'atodü",mödö	tü	w-a'deuwü-nö	mödö-:ne	k-a'deuwü-jötü-a=to=dü,DEM2in	INTENS	INTR-hablar-INTR	DEM2in-INTENS	1+2S-hablar-ITER-NPST=COLL=REL,"sólo sobre el idioma, nuestra conversación",,,pro	ptc	n	pro	pers-v.i.o-TAM-suf.v=ptc=ptc	…,caceresDByekwana,,np_dd,
convchur-032,mak,"mödö iyö yawö a'deu, mödö mö'dö najenkadenña ö'wasa'kö ka aya'deddukomo nai ke",mödö	iyö	yaawö	a'deu	mödö	mö'dö	n-ajenka-a	de'a	ö'washa'kö	ka	a-a'deu-dü=komo	na-i	ke,DEM2in	DEMin	entonces	palabra	DEM2in	DEM1an	3-revisar-NPST	CONFIRM	cuantos	QP	2-palabra-POSS.1=PL	3.COP-INTER	QUOT,"esas son las palabras, eso es lo que está buscando ella, cuantas son las palabras de ustedes",,,pro	pro	ptc	n	pro	pro	v	ptc	interr	interr	n	ptc	v.i.a	ptc	…,caceresDByekwana,,part,
convchur-043,mak,"eetö niñön'a'de mödö tütadawaajuijüdü yawö, mödö niñömjö'aadüje mmm, konñadö menejö'akennüje yawö",eetö	n-nömö-a-'de	mödö	t-tadawaaju-i-'jüdü	yaawö	mödö	n-nömö-jötü-a=:düje	mmm	koiñadö	m-ene-jötü-akene=:düje	yaawö,aquí	3-dejar-NPST-FUT	DEM2in	3.REFL-trabajo-POSS.2-PAS.POS	entonces	DEM2in	3/3-dejar-ITER-NPST=COMPAR	mmm	ayer	2-ver-ITER-PDI=COMPAR	entonces,"aquí dejará su trabajo hecho, como lo que entregó, como lo revisaron ayer",,,deict	v	pro	n	ptc	pro	pers-v.t-TAM-suf.v=ptc	interj	ad	pers-v.t-TAM-TAM=ptc	ptc	…,caceresDByekwana,,np,
convchur-056,mak,"ayenuduke jeene meneadenña yawö, ekammajötüdü yeichaame tüwü",ay-önu-dü-ke	jeene	m-ene-a	de'a	yaawö	0-ekamma-jötü-dü	i-w-ei-taame	tüwü,2-ojo-POSS.1-INSTR	INTENS?	2-ver-NPST	también	entonces	3O-contar-ITER-NZR.1	3S-INTR-COP-aunque	3.SG,"ves con tus propios ojos, pero es igual la narración",,*tüwü* referring to ‘narration’,ad	ptc	pers-v.tr-suf.v	ptc	ptc	n	pers-pref.v-v.i.a-sub	pro	…,caceresDByekwana,,y,
convchur-060,mak,möönü wotunnö omjumma'da na tüwü yawö,möönü	wötunnö	an-jumma-'da	na	tüwü	yaawö,DEM3in	historia	NEG-querer-NEG	3.COP	3.SG	entonces,aquellos cuentos no los quiere,,,pro	n	adv	v.i.a	pro	ptc	…,caceresDByekwana,,np,
convchur-072,mak,"mmm, mödöjemmaja ñöödö Adamu na denña, wekammaadü",mmm	mödöje=mmaja	ñöödö	Adamu	na	de'a	w-ekamma-a=dü,mmm	así=también	DEMan	Ramón	3.COP	también	1SG-contar-NPST=REL,"Sí, así mismo está Ramón (pensando lo mismo), digo yo",,*ñöödö* combining with a name,interj	ad	ptc	pro	n	v.i.a	ptc	pers-v.t-suf.v=ptc	…,caceresDByekwana,convchur-072,n,
convchur-094,mak,mödöjemmaja küneiyaakö denña mö'dö Maria-Pía katojo. Eduwa küneiya'dü mödöjemmaja yoowanoma küneiya denña,mödöje=mmaja	kün-ei-aakö	de'a	mö'dö	Maria-Pía	ka-tojo	eduwa	kün-ejö-aakö=dü	mödöje=mmaja	i-w-oowanoma-e	kün-ei-i	de'a,así=también	3.PAS-COP-PDI	REIT	DEM1an	Maria	Pía	decir-INSTR	ahora	3/3.PAS-venir-PDI=REL	así=también	3S-INTR-estudiar-SUP	3/3.PAS-COP-PRP	REIT,"Así mismo vino la que le dicen Maria Pía, cuando vino ahora, así mismo vino a estudiar",,,ad	ptc	v.i.a	ptc	pro	n	n	ad	n	ad	ptc	ad	v.i.a	ptc	…,caceresDByekwana,,np,
convchur-108,mak,iyö ya'töi ke,iyö	i-a'töi	ke,DEM	3-silla	QUOT,en su habitat (lit. su silla)  ,,misglossed *ke*,pro	n	part	…,caceresDByekwana,,np_arg,
convchur-116,mak,"küwüüne anajöi'cha ka yawö, kanno medesi natodü ajöiñei'je'da na",küwü-:ne	an-ajöi-'da	ka	yaawö	kanno	müdesi	na=to=dü	0-ajöi-nei-'je-'da	na,1+2-INTENS	NEG-agarrar-NEG	1+2.COP	entonces	DEM1an.PL	niños	3.COP=COLL=REL	3O-agarrar-NZR.3-con-NEG	3.COP,"nosotros no lo agarramos (no continuamos el trabajo), en los jóvenes no hay quien dé el seguimiento",,,pro	adv	v.i.a	ptc	pro	n	v.i.a	ptc=ptc	pers-v.t-suf.v-pp-ptc	v.i.a	…,caceresDByekwana,,np,
convchur-117,mak,tüwü tümennö ñennaajö chöuwö tüwü,tüwü	t-mennö-e	i-mennö-ajö	i-uwö	tüwü,3.SG	AZR-escribir-PTCPe	3O-escribir-PTCP	3-ERG	3.SG,mientras ella sí escribe,,wild,pro	adv	n	posp	pro	…,caceresDByekwana,convchur-117,?,
ctotapmor-001,mak,Iyö... iyö Wa'shadi wekammaanö awa'de.,iyö	iyö	wa'shadi	w-ekamma-aanö	awa'de,DEMin	DEMin	tapir	1S-avisar-PRI	primero,"Eso, ese danto lo que dije primero.",,"this would be an example for a VP that is not necessarily one any more, right?",pro	pro	n	v.t.	ad	…,caceresDByekwana,ctotapmor-001,np_arg,
ctotapmor-002,mak,"Tüwö'düe küna'jaakö, wayamu uwö, wa'shadi,",tüw-ö'dü-e	kün-a'ja-aakö	wayamu	uwö	wa'shadi,PTCP.INTR-decir-PTCPe	3.PAS-COP-PDI	morrocoy	DAT	tapir,"El danto le decía al morrocoy,",,afterthought,adv	v.i.a	n	posp	n	…,caceresDByekwana,ctotapmor-002,n,
ctotapmor-009,mak,"""Edö owoküdü, susu""",edö	o-wokü-dü	susu,DEM1in	2-bebida-POSS.1	seno_con_leche,"""Toma tu teta""",,afterthought,pro	n	n	…,caceresDByekwana,ctotapmor-009,n,
ctotapmor-016,mak,"yööje i'saa'se xxx ""edö owoküdü susu"" tüwö'dü'se küna'jaakö.",yööje	0-i'shaa-'se	xxx	edö	o-wokü-dü	susu	t-w-ö'dü-'se	kün-a'ja-aakö,así	3O-pelar-DES	xxx	DEM1in	2-bebida-POSS.1	seno_con_leche	3.REFL-INTR-decir-DES	3S.PAS-COP-PDI,"así quiso mostrarle (pelar) xxx, quiso decir ""!toma tu teta!"".",,,ad	adv	xxx	pro	n	n	adv	v.i.a	…,caceresDByekwana,ctotapmor-016,np,
ctotapmor-025,mak,"yööje künöömai tüwü wa'shadi,",yööje	kün-ööma-i	tüwü	wa'shadi,así	3S.PAS-morir-PRP	3.SG	tapir,"y así murió el tapir,",,,ad	v.i.a	pro	n	…,caceresDByekwana,ctotapmor-025,np,
ctotapmor-057,mak,"Chamjödü'kö iyö mödö inñüjötüdü naichü, möönü, ña'dudu naichü.",i-kamjö-dü-'kö	iyö	mödö	i-n-üdü-jötü-dü	na-i=dü	möönü	i-n-a'du-dü	na-i=dü,3-ahumado-POSS.1-DIM	DEMin	DEM2in	3-SHR-poner-PL.O-NZR.1	3.COP-IRR=REL	DEM3in	3-SHR-tapar-NZR.1	3.COP-IRR=REL,"Su asadito xxx, lo que es eso sus cositas, aquel lo que es tapado  por él.",,two NPs,n	pro	pro	n	COP-modo=ptc	pro	n	COP-modo=ptc	…,caceresDByekwana,ctotapmor-057,np,
ctotapmor-062,mak,"Iyö, enku'tödü wadödö i'chödü yaawö.",iyö	0-enku'tö-dü	wadödö	i-tö(mö)-dü	yaawö,DEMin	3O-mentir-NZR.1	hacia_3	3S-ir-NZR.1	entonces,¡Claro! ya iba a hacerle la trampa.,,example of non-referential *iyö*,pro	n	pp	n	ptc	…,caceresDByekwana,ctotapmor-062,n,
ctotapmor-074,mak,"Yaawö jeene tüwü mado künaadonkwaakö yaawö, ""¿össa iyö kamjöödü?"" ke, a'ke, tösse'da ñu'kwai.",yaawö	jeene	tüwü	mado	kün-at-adonka-aakö	yaawö	össha	iyö	^-kamjö-dü	ke	a'ke	tösse-'da	i-nu'kwa-i,entonces	INTENS?	3.SG	jaguar	3S.PAS-DTR-revivir-PDI	entonces	dónde	DEMin	1-ahumado-POSS.1	QUOT	nada	lleno?-NEG	3-asadero-POSS.2,"Al rato el tigre ya estaba recuperando ""¿dónde está ese mi asado?"" dijo, nada, vacio.",,two 'NPs': *tüwü mado* and *iyö kamjöödü*,ptc	ptc	pro	n	v.t.	ptc	interr	pro	n	ptc	ad	adv	n	…,caceresDByekwana,ctotapmor-074,np,
ctoyude-001,mak,"eetönnomma wekamma, iyö wa'to ei'jüdüjonno",eetö-nno-mma	w-ekamma-a	iyö	wa'to	0-ei-'jüdü=jo-nno,aquí-desde-EXCL	1/3-contar-NPST	DEMin	leña	3O-COP-PAS.NZR=en-desde,voy a contar desde la busqueda del fuego,,,deict-pp-ptc	v	pro	n	n	…,caceresDByekwana,ctoyude-001,np,
ctoyude-010b,mak,¿önökü ñöödö chaamutonkomo?,önökü	ñöödö	i-tamu-0-tomo=komo,quién	DEMan	3-abuelo-POSS.3-PL.ANIM=PL,quien era el abuelo de ellos,,*ñöödö chaamutonkomo* looks like an 'NP',pro	pro	n	…,caceresDByekwana,ctoyude-010b,?,
ctoyude-013,mak,"iyö anoto jökkö, ememmekü'se yeichükomo, ka'sai nakö'aadüje",iyö	anoto	jökkö	0-ememmekü-'se	i-w-ei-dü=komo	ka'sai	n-akötö-a=:düje,DEMin	día	cuando	3O-robar-DES	3S-INTR-COP-NZR.1=PL	caribe	3/3-cortar-NPST=COMPAR,"desde ese día que quisieron robar, los caribes cortan los anzuelos",,*iyö anoto jökkö*,pro	n	pp	adv	n	n	v	…,caceresDByekwana,ctoyude-013,np_arg,
ctoyude-024,mak,"yöötö a'ke küntü'tai ñöödö yakono yaawö, ""¿aakene?"" ke, ""¿aakene winñakaanö?"" ke",yöötö	a'ke	kün-tü'ta-i	ñöödö	y-akono-0	yaawö	aakene	ke	aakene	w-inñaka-a-nö	ke,allá.3	nada	3S.DIS-darse_cuenta-PRP	DEMan	3-hermano_menor-POSS.3	entonces	cómo	QUOT	como	1/3-recuperar-NPST-INTR	QUOT,ahí ese su hermano pensó: ¿cómo?  ¿cómo lo voy a recuperar?,,,deict	ad	v.i.o	pro	n	ptc	interr	ptc	interr	n	ptc	…,caceresDByekwana,ctoyude-024,np,
ctoyude-040,mak,"küntü'tameküicho yaawö, tüwü, Sichömüna künöönu'kwai yaawö",kün-tü'tammekü-i=to	yaawö	tüwü	Sichömüna	kün-öönu'ka-i	yaawö,3/3.DIS-planear-PRP=COLL	entonces	3.SG	El_que_tiene_niguas	3S.DIS-sacar_ojo-PRP	entonces,Planearon algo y Sichomüna se sacó un ojo,,Interesting interjected *tüwü*,v	ptc	pro	n	v.i.a	ptc	…,caceresDByekwana,ctoyude-040,n,
ctoyude-045,mak,tönudu se'ne yeiyattöimma tüwü ñootü küna'ja'dünane yawö,t-önu-dü	se'ne	i-w-ei-aatöi-mma	tüwü	i-nootü-0	kün-a'ja-aakö	dünane	yaawö,3.REFL-ojo-POSS.1	enfermo	3S-INTR-COP-CTRF-EXCL	3.SG	3-abuela-POSS.3	3S.DIS-COP-PDI	entonces	entonces,la abuela creía que él estaba enfermo de los ojos,,is *tüwü* 'él'?,n	ad	pers-pref.v-v.i.a-azr-ptc	pro	n	v.i.a	ptc	ptc	…,caceresDByekwana,ctoyude-045,?,
ctoyude-050,mak,yööje künedantoicho mö'dö tünootütonkomo yaawö,yööje	kün-edantö-i=to	mö'dö	t-nootü-0-tomo=komo	yaawö,así	3/3.DIS-encontrar-PRP=COLL	DEM1an	3.REFL-abuela-POSS.3-PL.ANIM=PL	entonces,Así descubrieron a su abuela,,,ad	v	pro	n	ptc	…,caceresDByekwana,ctoyude-050,np,
ctoyude-057,mak,uu ekauwüdüje tüwü ñootütonkomo,uu	0-ekauwü-dü=je	tüwü	i-nootü-0-tomo=komo,casabe	3O-aplanar-NZR.1=ATRB	3.SG	3-abuela-POSS.3-PL.ANIM	Pl,su abuela estaba haciendo casabe,,,n	adv	ad	pro	n	part	…,caceresDByekwana,ctoyude-057,np,
ctoyude-086b,mak,"künaamödetai yawö, ñöödö yakono, sadduje",kün-aamödeta-i	yaawö	ñöödö	y-akono-0	saddu=je,3/3.DIS-convertirse-PRP	entonces	DEMan	3-hermano_menor-POSS.3	grama=ATRB,y entonces el hermano menor se convirtió en grama,,,v.i.a	ptc	pro	n	adv	…,caceresDByekwana,ctoyude-086b,np,
ctoyude-087,mak,"künaamödetai tüwü, yui, sokkojatooje, yöönu'tojoje",kün-aamödeta-i	tüwü	i-dui-0	sokkojato=je	i-w-onuku-tojo=je,3/3.DIS-convertirse-PRP	3.SG	3-herm_mayor-POSS.3	agua_embarrada=ATRB	3S-INTR-subir-INSTR=ATRB,el hermano mayor se convirtió en charco para que se subiera,,afterthought -- audio?,v.i.a	pro	n	adv	adv	…,caceresDByekwana,ctoyude-087,n,
ctoyude-089,mak,"saddu de'köi numa'da künönkui, saddu de'wöno wönkuduune tüwü yadiwe yeiyajö",saddu	de'köi	numa-'da	kün-onuku-i	saddu	de'wö-no	w-onuku-dü-:ne	tüwü	yadiwe	i-w-ei-ajö,grama	encima	largo_tiempo-NEG	3S.DIS-subir-PRP	grama	sobre-NZR.PP	INTR-subir-NZR.1-INTENS	3.SG	baba	3S-INTR-COP-PTCP,se subió rápido en la grama porque siempre Yadiwe se está subiendo en la grama,,,n	pp	adv	v.i.o	n	pp-suf.pp	pref.v-v.i.o-suf.v-ptc	pro	n	n	…,caceresDByekwana,ctoyude-089,np,
ctoyude-091,mak,"yööje yeijökkö, tönuke'da Yadiwe na yawö, iyö wa'to niya'kwajüdü mödö yaawö",yööje	i-w-ei	jökkö	t-önu-ke-'da	yadiwe	na	yaawö	iyö	wa'to	n-ya'kwa-'jüdü	mödö	yaawö,así	3S-INTR-COP	porque	AZR-ojo-INSTR-NEG	baba	3.COP	entonces	DEMin	leña	SHR-quemar-PAS.NZR	DEM2in	entonces,"por eso es que el Yadiwe está ciego, porque lo quemó la leña",,,ad	v.i.a	pp	azr-n-Azr-ptc	n	v.i.a	ptc	pro	n	nzr-v.t-nzr	pro	ptc	…,caceresDByekwana,ctoyude-091,np,
ctoyude-093,mak,yööje mödö tumudu künakoichai yawö,yööje	mödö	t-mudu-0	kün-akoicha-i	yaawö,así	DEM2in	3.REFL-lengua-POSS.3	3/3.DIS-terminar-PRP	entonces,así fue que la lengua se le gastó,,*mödö tumudu*,ad	pro	n	v.t.	ptc	…,caceresDByekwana,ctoyude-093,np,
ctoyude-105,mak,"numatojünü künö'töi chenña naane yawö, dukkwöjü jona künö'töi, tüwü wokkiya",numa-ato-jünü	kün-ö'tö-i	de'a	naane	yaawö	dukkwöjü	jona	kün-ö'tö-i	tüwü	wokkiya,largo_tiempo-NZR.5-NEG	3S.DIS-bajar-PRP	REIT	???	entonces	árbol_sp	sobre	3S.DIS-bajar-PRP	3.SG	guacharaca,la guacharaca rápidamente bajó al [dukojü],,,ad	v.i.o	ptc	ptc	ptc	n	pp	v.i.o	pro	n	…,caceresDByekwana,ctoyude-105,np,
ctoyude-107,mak,"iyö wa'to niya'kwajoodü edö, chöönü seweiche naichü yawö",iyö	wa'to	n-ya'kwa-joo-dü	edö	i-önü-0	seweiche	na-i=dü	yaawö,DEMin	leña	SHR-quemar-CAUS-NZR.1	DEM1in	3-garganta-POSS.3	rojo	3.COP-IRR=REL	entonces,"la leña lo quemó, por eso su garganta es roja",,,pro	n	n	pro	n	ad	COP-modo=ptc	ptc	…,caceresDByekwana,ctoyude-107,np,
ctoyude-112b,mak,wa'to dö'ja naane mödö,wa'to	dö'ja	naane	mödö,leña	esta_vez	???	DEM2in,,,missing translation,n	ptc	ptc	pro	…,caceresDByekwana,ctoyude-112b,?,
ctoyude-113b,mak,"müdüiya ke na chöötü, ñöödö mado etü yawö",müdüiya	ke	na	chö-ötü-0	ñöödö	mado	e-ötü-0	yaawö,puma	QUOT	3.COP	3-nombre-POSS.3	DEMan	puma	REL-nombre-POSS.3	entonces,Mudiya era el nombre de aquel tigre,,,n	ptc	v.i.a	n	pro	n	n	ptc	…,caceresDByekwana,ctoyude-113b,np,
ctoyude-120,mak,"yööje künö'düaakö yawö, unwa medichu aka küntömö tüwü yawö",yööje	kün-ö'dü-aakö	yawö	unwaa	midichu	aka	kün-tö(mö)-i	tüwü	yaawö,así	3S.DIS-decir-PDI	entonces	por_allá.2	planta_sp	dentro	3S.DIS-ir-PRP	3.SG	entonces,así dijo y se fue a meter allá en el midichu,,*tüwü* could refer to 'him' or to 'midichu',ad	v.i.a	ptc	deict	n	pp	v.i.a	pro	ptc	…,caceresDByekwana,ctoyude-120,?,
ctoyude-123,mak,"yööje künö'düaakö tüwü yawö, ñöödö... tinño wütta'jökkö yaawö",yööje	kün-ö'dü-aakö	tüwü	yaawö	ñöödö	t-inño-0	w-tö(mö)-ajö	jökkö	yaawö,así	3S.DIS-decir-PDI	3.SG	entonces	DEMan	3.REFL-esposo-POSS.3	INTR-ir-PTCP	cuando	entonces,"cuando se fue su esposo, ella dijo:",,no comma according to audio,ad	v.i.a	pro	ptc	pro	n	n	pp	ptc	…,caceresDByekwana,ctoyude-123,?,
ctoyude-129,mak,"eetö akö'tojo eetö, iyööne yanwaaka iyö yaawö",eetö	0-akötö-tojo	eetö	iyö-:ne	y-anwaaka	iyö	yaawö,aquí	3O-cortar-INSTR	aquí	DEMin-INTENS	3-entrepierna	DEMin	entonces,"aquí vieron el instrumento para cortar, aquí en la entrepierna",,*iyö* as 'here'?,deict	n	deict	pro	posp	pro	ptc	…,caceresDByekwana,ctoyude-129,?,
ctoyude-176,mak,"möönü, chaasa'diyükomo'jüdü, i'moichomo möönü, kasamjato",möönü	i-kasakidi-yü=komo-jüdü	i'moi=komo	möönü	kasamje-ato,DEM3in	3-picante_líquido-POSS.1=PL-PAS.POS	huevo=PL	DEM3in	amargo-NZR.5,"aquello, su residuo amargo, sus huevos, aquellos que son amargos",,,pro	n	n	n	pro	ad	…,caceresDByekwana,ctoyude-176,np,
ctoyude-216,mak,"iyö toju, ¡küjaa! chü'ta'da wa,",iyö	töju	küjaa	i-tü'ta-'da	wa,DEMin	piedra	caray	INTR.C-acordarse-NEG	1SG.COP,"Aquella piedra, ¡cónchale! no me acuerdo, ",,,pro	n	interj	pref-v.i.o-ptc	v.i.a	…,caceresDByekwana,ctoyude-216,np,
ctoyude-217,mak,"iyö, yeju'ka'jokomoone",iyö	i-w-ejuduka-'jüdü=komo-:ne,DEMin	3S-INTR-caer-LOC=PL-INTENS,ahí donde se cayeron,,initial *iyö* 'there'?,pro	n	…,caceresDByekwana,ctoyude-217,n,
ctoyude-223,mak,"mödöje, mödö'kömma chü'ta'da wa iyö, yeeju'ka'jokomo mödö",mödöje	mödö-'kö-mma	i-tü'ta-'da	wa	iyö	i-w-ejuduka-'jüdü=komo	mödö,así	DEM2in-DIM-EXCL	INTR.C-acordarse-NEG	1SG.COP	DEMin	3S-INTR-caer-LOC=PL	DEM2in,"así es, de esito nada más no me acuerdo, donde se cayeron",,what is *iyö* doing?,ad	pro-suf.n-ptc	pref-v.i.o-ptc	v.i.a	pro	n	pro	…,caceresDByekwana,ctoyude-223,?,
descbuscmat-088,mak,"Yöötö, kanö, edantödü iyö kadajiyu.",yöötö	kanö	0-edantö-dü	iyö	kadajiyu,allá.3	tirita	3O-encontrar-NZR.1	DEMin	tirita,"!Allí se encuentra tiríta, aquella que es kadajiyu",,,deict	n	n	pro	n	…,caceresDByekwana,,np,
descbuscmat-092,mak,¿Tujumö ka tüweiye mödö kadajiyu?,t-jumö	ka	tüw-ei-e	mödö	kadajiyu,3.REFL-junto	QP	PTCP.INTR-COP-PTCPe	DEM2in	tirita,¿Ese kadajiyu están en grupo o juntos?,,,posp	interr	adv	pro	n	…,caceresDByekwana,,np,
descbuscmat-132,mak,¿Kukuyu nenü'jüdü tüweiye tüwü mödö?,kukuyu	n-enü-jüdü	tüw-ei-e	tüwü	mödö,cocuyo	SHR-tomar-PAS.NZR	PTCP.INTR-COP-PTCPe	3.SG	DEM2in,¿Esos también hay chupado por cocuyo?,,what is *tüwü*?,n	nzr-v.t-nzr	adv	pro	pro	…,caceresDByekwana,,?,
desctala-017,mak,"öddajö yaakadü, iyö,",öddaajö	^-yaka-dü	iyö,conuco	3O-cortar_árbol-NZR.1	DEMin,tumbar ese conuco,,afterthought,n	n	pro	…,caceresDByekwana,,n,
desctala-018,mak,"tamedö sotto wö'düjö'a'jökkönñe,",tamedö	sotto	w-ö'dü-jötü-ajö	jökkö-nñe,todo	persona	INTR-llegar-ITER-PTCP	cuando-PL,una vez que toda la gente llega,,,ad	n	n	posp	…,caceresDByekwana,,np,
histana-059,mak,"Iyö inñataje ñña weijüüdü yawö,",iyö	inñataje	ñña	w-ei-jüdü	yawö,DEM	bonito	1+3	INTR-COP-PAS.POS	entonces,Aquello era bonito nuestra vida,,"'that was beautiful our life', but how do the parts fit together?",pro	n	Pro	n	conj	…,caceresDByekwana,,?,
histana-072,mak,Iyö inñataje kajichaana weijüüdü yawö.,iyö	inñataje	kajichaana	w-ei-jüdü	yawö,DEM	bonito	cacique	INTR-COP-PAS.POS	entonces,Esta es la buena vida del cacique,,,pro	n	n	n	conj	…,caceresDByekwana,,np,
