Example_ID,Language_ID,Text_ID,Original_Primary_Text,Primary_Text,Analyzed_Word,Analyzed_Word_Morphemes,Gloss,Part_Of_Speech,Original_Translated_Text,Translated_Text,Comment,Pattern,Discontinuous,Intervening,Animacy,Type,Order,Argument,Role,Positions
dados-07-frog-story-marciano-p-089-032,tri,dados-07-frog-story-marciano,,"mëe nïtën okomo awekïï=ton, ir=apo.",mëe	nï-të-0-n	okomo	awekïï	ton	irë	apo,mëe   n-   të -ja   -në  okomo   awekïï tomo  irë    apo,3AnPx	3Sa-go-Pres-Dbt	wasp	bee.sp	Col	3InAna	like,DPro	V	N	N	Ptc	Pro	Pp	,,"they went, the bees, like that.",[*mëe*] V [okomo awekïï=ton],DEM Vi N N,True,Vi,anim,DEM+N,DEM N N,False,s,"1,3"
dados-07-frog-story-marciano-p-089-037,tri,dados-07-frog-story-marciano,,"irëme mëe kaikui sokanme nee=neejan, eekaa=se.",irëme	mëe	kaikui	sokanme	E.RD-n-ee-ja-n	0-eeka-0	se,irëme mëe   kaikui sokanme   E.RD- n-   ei  -ja   -në  0-   eeka -0   se,so	3AnPx	dog	standing	Iter-3Sa-Cop-Pres-Dbt	3-bite-G	Desid,Ptc	DPro	N	A	V	N	Pp	,,"then this one, the dog, stood up, (he) wanted to bite it (= the beehive).",,DEM N,False,,anim,DEM+N,DEM N,False,s,"2,3"
dados-07-frog-story-marciano-p-091-045,tri,dados-07-frog-story-marciano,,Oota ene=marë tïwënaanuuse wewe serë mono tootake teese.,oota	0-ene-0	marë	tï-w-ënaanuu-se	wewe	serë	mono	t-oota-ke	t-0-ee-se,oota  0-   ene -se  marë t-   w-   ënaanuku -se  wewe   serë  mono   t-   oota -ke     t-   w-   ei  -se,hole	3O-see-Sup	too	Pst-Sa-go.up-Pst	tree	3InPx	big	T-hole-Having	Pst-Sa-Cop-Pst,N	A	Ptc	V	N	DPro	N	A	V	,,"He climbed up to see the hole, this big tree had a hole.  ",,N DEM N,False,,inan,DEM+N,N DEM N,False,s,"5,6,7"
dados-07-frog-story-marciano-p-091-047,tri,dados-07-frog-story-marciano,,"Irënpë=pëe wewe tootaken=pëe teepatakae, jeepurutu",irë-npë	pëe	wewe	t-oota-ke-n	pëe	t-V:-e-pataka-e	jeepurutu,irë    -npë pëe  wewe   t-   oota -ke     -mï  pëe  t-   w-   et-   pataka   -se  jeepurutu,3InAna-Pst	from	tree	T-hole-Having-Ent	from	Pst-Sa-Detr-take.out-Pst	owl.sp,Pro	Pp	N	N	Pp	V	N	,,"Then from the tree with a whole came, an owl,  ",Very interesting that *wewe* does not have a postposition.,N N POSP,False,,inan,N+N,N N,True,obl,"3,4"
dados-09-kereramake-p-033-075,tri,dados-09-kereramake,,"(Ape) Ma, kiiponoojati Përëpërëwa kïtamuu=kon,",Ape	ma	kii-ponoo-ja-ti	Përëpërëwa	kï-tamu-V:	kon,Ape   ma   kït-  ponopï -ja   -tii Përëpërëwa    k-   tamu      -rï   komo,Ape	Attn	1+2A-tell-Pres-Col	Përëpërëwa	1+2-grandpa-Psfx	P.col,N	Ptc	V	N	N	Ptc	,,"(Ape) Well, we are telling (the story of) Përëpërëwa our ancestor,  ",Rare “NP” (with personal name),N N PART,False,,hum,N+N,N N,False,p,"4,5"
dados-09-kereramake-p-033-077,tri,dados-09-kereramake,,"(Ape) iwëtïrïhpë nërë kïtamuu=kon, Përëpërëwa.",Ape	i-w-ëtï-rï-0-hpë	nërë	kï-tamu-V:	kon	Përëpërëwa,Ape   i-   w-   ët-   rï   -0   -hpë   nërë   k-   tamu    -rï   komo  Përëpërëwa,Ape	3-Sa-Detr-make-G-P.pst	3AnAna	1+2-grandpa-Psfx	P.col	Përëpërëwa,N	N	Pro	N	Ptc	N	,,"(Ape) he is the one who made himself, our ancestor, Përëpërëwa.  ",Rare “NP” (with personal name),DEM N,False,,hum,DEM+N,DEM N,False,s_nvp,"3,4"
dados-09-kereramake-p-041-269,tri,dados-09-kereramake,,"(Ape) Neejan mono kanawa tïïkae, irë=hkaasan kurano,",Ape	n-ee-ja-n	mono	kanawa	tï-V:-ka-e	irë	hkaasan	kura-no,Ape   n-   ëepï -ja   -në  mono   kanawa   t-   w-   ka  -se   irë    hkaasan kure -no,Ape	3Sa-come-Pres-Dbt	big	canoe	Pst-Sa-say-Pst	3InAna	instead	good-Ent,N	V	N	N	V	Pro	Ptc	N	,,"(Ape) 'A big canoe is coming', (she) said, 'that is good (= i.e. not the one you have),'",,N N,False,,inan,N+N,N N,False,s,"3,4"
dados-09-kereramake-p-041-270,tri,dados-09-kereramake,,"(Ape) sen=nai... tuna mono juuwë iitën=mahtao, nemanakan tïïkae.",Ape	sen	n-ai	tuna	mono	juuwë	i-V:-të-0-n	mahtao	n-e-manaka-0-n	tï-V:-ka-e,Ape   senï  n-   a   tuna  mono  juuwë  i-   w-   të -0   -n    mahtao n-   et-   manaka -ja   -në  t-   w-   ka  -se,Ape	3InPx	3Sa-Cop	water	big	on	3-Sa-go-G-?	when	3Sa-Detr-roll-Pres-Dbt	Pst-Sa-say-Pst,N	DPro	V	N	N	Pp	N	Ptc	V	V	,,"(Ape) 'This one is... when it's on a big river, it turns,' (she) said.","*tuna mono juuwë*, N N POSTP!",N N POSP,False,,inan,N+N,N N,True,obl,"4,5"
dados-09-kereramake-p-043-278,tri,dados-09-kereramake,,(Ape) Wëën... mëërë teetainkae tamutupë.,Ape	wëën	mëërë	t-V:-etainka-e	tamutupë,Ape   wëën    mëërë  t-   w-   etainka -se     tamutupë,Ape	run	3AnMd	Pst-Sa-run-Pst	old.man,N	Ideo	DPro	V	N	,,"(Ape) /wëën/... that one ran, the old man (= i.e. Përëpërëwa).  ",[*mëërë*] V [tamutupë],DEM Vi N,True,Vi,hum,DEM+N,DEM N,False,s,"3,5"
dados-09-kereramake-p-045-323,tri,dados-09-kereramake,,(Ape) Ëwë aamuurëtoo=me mëërë=ja kaikë=ja.,Ape	ëwë	0-aamuurë-too	me	mëërë	ja	kaikë	ja,Ape   ëwë   0-   aamuurë -topo me   mëërë  ja  kaikë ja,Ape	later	3-harass-Circ	Ess	3AnMd	Agt	fox	Agt,N	A	N	Ptc	DPro	Pp	N	Pp	,,(Ape) (They were) later to be harassed by the fox.,[mëërë *ja*] [kaike *ja*],N POSP N POSP,True,POSP,anim,N+N,N N,True,a,"5,7"
dados-09-kereramake-p-045-324,tri,dados-09-kereramake,,(Ape) Nërë=ja tënëtoo=me mëërë wërinpë.,Ape	nërë	ja	t-ënë-too	me	mëërë	wëri-npë,Ape   nërë   ja  t-   ënë      -topo me   mëërë  wëri  -npë,Ape	3AnAna	Agt	Gen-eat.meat-Circ	Ess	3AnMd	woman-Pst,N	Pro	Pp	N	Ptc	DPro	N	,,(Ape) The woman (is to) be eaten by him.,,DEM N,False,,hum,DEM+N,DEM N,False,s_nvp,"6,7"
dados-07-frog-story-marciano-p-093-096,tri,dados-07-frog-story-marciano,,"Mëesamo=inëërë përëru=ton tïwëtakaase=ken,",mëesamo	inëërë	përëru	ton	tï-w-ët-akaa-se	ken,mëesamo  inëërë     përëru  tomo  t-   w-   ët-   akapï        -se  kene,3AnPxCl	really	toad.sp	Col	Pst-Sa-Detr-put.in.order-Pst	Cont,DPro	Ptc	N	Ptc	A	Ptc	,,"It's them, the frogs, they're forming a line,  ",[*mëesamo inëërë*] [*përëru ton*],DEM PART N PART,True,PART,anim,DEM+N,DEM N,False,s,"1,3"
dados-09-kereramake-p-037-179,tri,dados-09-kereramake,,"(Ape) Nka anpo=na aakoron tïïkae, nëërë tamutupë, anpo=na aakoron?",Ape	nka	anpo	n-a	V:-akoron	tï-V:-ka-e	nërë	rë	tamutupë	anpo	n-a	V:-akoron,Ape   nka  anpo  n-   a   ë-   akoronï   t-   w-   ka  -se   nërë   rë   tamutupë   anpo  n-   a   ë-   akoronï,Ape	?	where	3Sa-Cop	2-companion	Pst-Sa-say-Pst	3AnAna	Idtf	old.man	where	3Sa-Cop	2-companion,N	Ptc	Intrg	V	N	V	Pro	Ptc	N	Intrg	V	N	,,"(Ape) 'So, where is your companion?' (he) said, he, the old man, 'where is your companion?'",[*nërë rë*] [*tamutupë*],DEM PART N,True,PART,hum,DEM+N,DEM N,False,s,"7,9"
dados-09-kereramake-p-043-304,tri,dados-09-kereramake,,(Ape) Ohkë tïïkae ohkë nari=ke=ta ehkë ëtamïïsewa serë wëitapi tïïkae.,Ape	oh-kë	tï-V:-ka-e	oh-kë	nari	ke	ta	eh-kë	ët-amïï-sewa	serë	wëitapi	tï-V:-ka-e,Ape   ëepï -kë    t-   w-   ka  -se  ëepï -kë    nari ke   taike ei  -kë    ët-   amïtï -sewa serë wëitapi t-   w-   ka  -se,Ape	come-Imper	Pst-Sa-say-Pst	come-Imper	fear	Inst	Neg	Cop-Imper	Detr-break-Neg	3InPx	hammock	Pst-Sa-say-Pst,N	V	V	V	N	Ptc	Ptc	V	V	DPro	N	V	,,"(Ape) 'Come,' (she) said, 'come, don't be afraid, this won't break/snap, the hammock,' (she) said.  ",,DEM N,False,,inan,DEM+N,DEM N,False,s,"10,11"
dados-09-kereramake-p-047-354,tri,dados-09-kereramake,,"(Ape) Eeke=nai mëe jipïtï? tïïkae sera, atïtoome=nai mïra ijomirï? tïïkae.",Ape	eeke	n-ai	mëe	ji-pïtï	tï-V:-ka-e	sera	atïtoome	n-ai	mïra	i-jomi-rï	tï-V:-ka-e,Ape   eeke  n-   a   mëe   j-   pïtï t-   w-   ka  -se  sera      atïtoome n-   a mïra      i-   omi  -rï   t-   w-   ka  -se,Ape	how	3Sa-Cop	3AnPx	1-wife	Pst-Sa-say-Pst	like.this	why	3Sa-Cop	like.that	3-talk-Psfx	Pst-Sa-say-Pst,N	Intrg	V	DPro	N	V	A	Intrg	V	A	N	V	,,"(Ape) 'How is my wife?' (= 'What's with her?') he said, like this, 'why is her talk like that?' (= 'why is she talking funny?'), he said.  ",,DEM N,False,,hum,DEM+N,DEM N,False,s_nvp,"4,5"
dados-09-kereramake-p-049-392,tri,dados-09-kereramake,,"(Ape) mëërë=se=manan, tïïkae, tarïpi=se=manan mëërë tïïkae.",Ape	mëërë	se	man-a-n	tï-V:-ka-e	tarïpi	se	man-a-n	mëërë	tï-V:-ka-e,Ape   mëërë se    man- a   -në  t-   w-   ka  -se  tarïpi se    man- a   -në  mëërë t-   w-   ka  -se,Ape	3AnMd	Desid	2Sa-Cop-Dbt	Pst-Sa-say-Pst	prego	Desid	2Sa-Cop-Dbt	3AnMd	Pst-Sa-say-Pst,N	DPro	Pp	V	V	N	Pp	V	DPro	V	,,"(Ape) 'Do you want that one?' he said, 'do you want some monkey, that one?' he said.  ",[*tarïpi*] *se manan* [*mëërë*],N POSP Vi DEM,True,multiple,anim,DEM+N,N DEM,True,obl,"6,9"
dados-09-kereramake-p-049-415,tri,dados-09-kereramake,,(Ape) Mëe=marë inmukuhpë ijapo=ro=pa tïïkae.,Ape	mëe	marë	i-nmuku-hpë	i-japo	ro	pa	tï-V:-ka-e,Ape   mëe   marë i-   nmuku -hpë   i-   apo  rë   pa  t-   w-   ka  -se,Ape	3AnPx	too	3-son-P.pst	3-like	Idtf	Rpt	Pst-Sa-say-Pst,N	DPro	Ptc	N	Pp	Ptc	Ptc	V	,,"(Ape) 'And this one also, my son, just like her (he was killed),' he said.  ",[*mëe marë*] [*inmukuhpë*] -- part of speech?,DEM PART N,True,PART,hum,DEM+N,DEM N,False,obl,"2,4"
data-01-yakari-01-p-127-022,tri,data-01-yakari,,Ma... Mono weine kïrïmuku irënehka.,ma	mono	w-ei-ne	kïrïmuku	irënehka,ma    mono  w-   ei  -ne   kïrïmuku  irënehka,Attn	big	1Sa-Cop-DPst	young.man	finally,Ptc	N	V	N	Ptc	,,"Well... I finally grew up, I became a young man.  ",[*mono*] V [*kïrïmuku*],N Vi N,True,Vi,hum,N+N,N N,False,s,"2,4"
data-01-yakari-01-p-127-025,tri,data-01-yakari,,"ma, mëe wëri=se=wae, wïkane,",ma	mëe	wëri	se	w-a-e	wï-ka-ne,ma   mëe    wëri  se    w-   a   -e   w-   ka  -ne,Attn	3AnPx	woman	Desid	1Sa-Cop-Cty	1Sa-say-DPst,Ptc	DPro	N	Pp	V	V	,,"'well, I want this woman,' I said,  ",DEM NP *se*!,DEM N POSP,False,,hum,DEM+N,DEM N,True,obl,"2,3"
mini-disc-lsmtam13set0001-marciano-little-introduction-003,tri,mini-disc-lsmtam13set0001-marciano-little-introduction,,"Ma, jijomii=tae=rë jeka tarëno=tae nai, Minausi , irë apo. Meta?",ma	ji-jomi-V:	tae	rë	j-eka-0	tarëno	tae	n-ai	Minausi	irë	apo	m-eta-0,ma   j-   omi      -rï   tae rë   j-   eka  -rï   tarëno tae  n-   a   Minausi   irë     apo  m-   eta  -0,Attn	1-language-Psfx	by	Idtf	1-name-Psfx	Tiriyó	by	3Sa-Cop	Minausi	3InAna	like	2A-hear-I.Pst,Ptc	N	Pp	Ptc	N	N	Pp	V	N	Pro	Pp	V	,,"Well, in my own language my name, in (the language of the) Tiriyó, it is, Minausi, like this. OK? (= Did you hear?).  ",[*jijomii tae*] ... [*tarëno tae*],N POSP n PART N POSP,True,multiple,inan,N+N,N N,True,obl,"2,6"
mini-disc-lsmtam13set0001-marciano-little-introduction-004,tri,mini-disc-lsmtam13set0001-marciano-little-introduction,,Irëme anja oroko=me nai menjaarë ëtakëërë mëe=marë Sesu=marë.,irëme	anja	oroko	me	n-ai	menjaarë	ët-akëërë	mëe	marë	Sesu	marë,irëme  anja  oroko me   n-   a   menjaarë  ët-   akëërë  mëe   marë  Sesu   marë,so	1+3	work	Ess	3Sa-Cop	now	Recp-with	3AnPx	with	Sérgio	with,Ptc	Pro	N	Ptc	V	A	Pp	DPro	Ptc	N	Ptc	,,"So we're now working together,",[*mëe marë*] [*Sesu marë*] -- part of speech?,DEM PART N PART,True,PART,hum,DEM+N,DEM N,False,obl,"8,10"
mini-disc-lsmtam13set0001-marciano-little-introduction-005,tri,mini-disc-lsmtam13set0001-marciano-little-introduction,,Serë=pë panpira=pë anja=nai oroko=me. Meta? Ir=apo.,serë	pë	panpira	pë	anja	n-ai	oroko	me	m-eta-0	irë	apo,serë  pëkë  panpira pëkë  anja n-   a   oroko me    m-   eta  -0     irë    apo,3InPx	about	book	about	1+3	3Sa-Cop	work	Ess	2A-hear-I.Pst	3InAna	like,DPro	Pp	N	Pp	Pro	V	N	Ptc	V	Pro	Pp	,,"We're now working about this, about this book/paper (= i.e. we're writing something). Did you hear? That's it.  ",[*serë pë*] [*panpira pë*],DEM POSP N POSP,True,POSP,inan,DEM+N,DEM N,True,obl,"1,3"
minidisc-xxx-oiapoque-pona-iitetoponpe-sep-2000-020,tri,minidisc-xxx-oiapoque-pona-iitetoponpe-sep-2000,,"Ëwë serë akoron=tao, mono=me nëturutan tarëno.",ëwë	serë	0-akoron	tao	mono	me	n-ëturu-ta-n	tarëno,ëwë   serë  0-   akoronï tao mono me    n-   ëturu -ta  -në  tarëno,later	3InPx	3-other	Loc	big	Ess	3Sa-talk-Fut-Dbt	Tiriyó,A	DPro	N	Pp	N	Ptc	V	N	,,"'Later the other one like this (= meeting), the Tiriyó/Indians will talk a lot.'",DEM NP POSTP!,DEM N POSP,False,,inan,DEM+N,DEM N,True,obl,"2,3,4"
minidisc-xxx-torohpe-iwehtoponpe-002,tri,minidisc-xxx-torohpe-iwehtoponpe,,"Ma, irëme wëene, ipërih=tae anja eekuhpë, ahn..., atï irë, Kuruni.",ma	irëme	w-ëe-ne	ipërih	tae	anja	0-eeku-hpë	***	atï	irë	Kuruni,ma   irëme  w-   ëepï -ne   ipërii tae   anja 0-   eeku   -hpë   ***     atï   irë    Kuruni,Attn	so	1Sa-come-DPst	creek	along	1+3	3-stream-P.pst	***	wh.In	3InAna	Kuruni,Ptc	Ptc	V	N	Pp	Pro	N		Intrg	Pro	N	,,"Well, then I came, along the creeks/tribuaries, our old river... what-do-you-call-it, the Kuruni (Coeroeni).  ",[*ipërih tae*] [*anja eekuhpë*] -- interesting postpositional behavior,N POSP pro N,True,multiple,inan,N+N,N N,True,obl,"4,6,7"
derbyshire-1965-p-013-the-origin-of-plants-002,hix,the-origin-of-plants,oske kanye moká nexeye ahakheno.,Oske kanye mokï nexeye ahakheno.,oske	ka-nye	mokï	n-exe-ye	ahakheno,oske  ka  -nye mokï   n-   exe -ye    ahakheno,thus	say-A	3AnRm	3Sa-Cop-DPst1	my.deceased.father,A	N	DPro	Va	N	,,"My late father was the one, the one who said it thus.",*oske kanye mokï* ‘the thus-sayer’,N DEM,False,,hum,DEM+N,N DEM,False,nvp,"2,3"
derbyshire-1965-p-016-the-origin-of-night-and-darkness-002,hix,the-origin-of-night-and-darkness,oske kanye moká nexeye ahakheno.,Oske kanye mokï nexeye ahakheno.,oske	ka-nye	mokï	n-exe-ye	ahakheno,oske  ka  -nye mokï  n-   exe -ye    ahakheno,thus	say-A	3AnRm	3Sa-Cop-DPst1	my.deceased.father,A	N	DPro	Va	N	,,"My late father was the one, the one who told it thus.",*oske kanye mokï* ‘the thus-sayer’,N DEM,False,,hum,DEM+N,N DEM,False,nvp,"2,3"
derbyshire-1965-p-019-the-origin-of-night-and-darkness-081,hix,the-origin-of-night-and-darkness,"amna nawanyeko-ha, mosoná hanahtorá-wya, ketxkoná-hatá, kekoná-hatá noro horykomo.","Amna nawanyeko=ha, mosonï hanahtorï=wya, ketxkonï=hatï, kekonï=hatï noro horykomo.",amna	n-awanye-ko	ha	mosonï	0-hana-hto-rï	wya	0-ke-txkonï	hatï	0-ke-konï	hatï	noro	horykomo,amna  n-   awana    -yako  ha     mosonï  0-   hana -hïto    -rï  wya n-   ka  -yatxkonï  hatï n-   ka  -yakonï hatï noro   horykomo,1+3	3Sa-get.dark-RPst1	Intens	3AnPx	Rel-ear-Neg.Act-Pos	Agt	3Sa-say-DPst2:Col	Hrsy	3Sa-say-DPst2	Hrsy	3AnAna	chief.man,Pro	Vo	Ptc	DPro	N	Pp	Va	Ptc	Va	Ptc	DPro	N	,,"""We were in darkness, through the foolishness of this one,"" they said, he, the chief man, said.","This one is interesting because it is *noro* and not a demonstrative. Also, the translation has a comma there.",DEM N,False,,hum,DEM+N,DEM N,False,s,"11,12"
derbyshire-1965-p-023-the-origin-of-the-moon-024,hix,the-origin-of-the-moon,"nuxe-rma mokro raheno-ha, kekoná-hatá, wosá.","Nuxe=rma mokro raheno=ha, kekonï=hatï, wosï.",nuxe	rma	mokro	r-ahe-no	ha	0-ke-konï	hatï	wosï,nuxe         rma   mokro   r-   ahe    -no   ha     n-   ka  -yakonï hatï wosï,1:yngr.sblng	Same	3AnMd	1O-seduce-IPst	Intens	3Sa-say-DPst2	Hrsy	woman,N	Ptc	DPro	Vt	Ptc	Va	Ptc	N	,,"""My younger brother (is) the one (who) seduced me,"" said the woman.",[*nuxe rma*] [*mokro*],N PART DEM,True,PART,hum,DEM+N,N DEM,False,a,"1,3"
derbyshire-1965-p-025-the-origin-of-the-moon-060,hix,the-origin-of-the-moon,oske kanye moká nexeye ahakheno.,Oske kanye mokï nexeye ahakheno.,oske	ka-nye	mokï	n-exe-ye	ahakheno,oske  ka  -nye mokï   n-   exe -ye    ahakheno,thus	say-A	3AnRm	3Sa-Cop-DPst1	my.deceased.father,A	N	DPro	Va	N	,,"My late father was the one, the one who said it thus.",*oske kanye mokï* ‘the thus-sayer’,N DEM,False,,hum,DEM+N,N DEM,False,nvp,"2,3"
derbyshire-1965-p-030-the-origins-of-the-buzzard-the-sloth-and-the-land-turtle-067,hix,the-origins-of-the-buzzard-the-sloth-and-the-land-turtle,"a.., onokna-rma kana-heno yehtoko-hatá.","A..., onokna=rma kana=heno yehtoko=hatï.",a	onokn	rma	kana	heno	y-eh-0-toko	hatï,a     enokna   rma  kana heno  y-   exe -nï  -toko   hatï,ah!	creature	Same	fish	Quant	Rel-Cop-Nzr-Simult	Hrsy,Intj	N	Ptc	N	Ptc	A	Ptc	,,"Sound expressing, surprise, (at the) creatures, when their being so many fish.",[*onokna rma*] [*kana heno*],N PART N PART,True,PART,anim,N+N,N N,False,poss,"2,4"
derbyshire-1965-p-060-the-wives-of-mawarye-and-woxka-005,hix,the-wives-of-mawarye-and-woxka,horyetho moná yahuryatxkoná.,Horyetho monï yahuryatxkonï.,horye-tho	monï	y-ahur-yatxkonï,horye   -tho monï  y-   ahuru   -yatxkonï,big.one-Pst	3InRm	Rel-shut.in-DPst2:Col,N	DPro	Vt	,,"They sealed off that one, the big one.",*horyetho monï* ‘the big one’,N DEM Vt,False,,inan,DEM+N,N DEM,True,p,"1,2"
ae-personal-narrative-018,aka,ae-personal-narrative,,"i'tuya bogeng bra ji, Akawaio be rï'kwö rö na'kö ji a'ai pïze urö sang nok ne'tai",i'tu-u-ya	bogeng	bra	eji	Akawaio	pe	rï'kwö	rö	na'kö	ji	a'ai	pïze	urö	sang	nok	n-eji-dai,,know-1-Erg	like.manner	Neg	be	Akawaio	like	Dim	Emph	maybe	Emph	mother	this.Anim	1Sg	mother	grandmother	3S-be-Past,Vt	P	Adv	Vi	N	P	Pro	Prtcl	Adv	Prtcl	N	Pro	Pro	N	N	Prs-V-TAM	,,"I do not know, but my mother's grandmother was Akawaio",,DEM N,False,,hum,DEM+N,DEM N,False,s,"12,13,14,15"
ae-personal-narrative-031,aka,ae-personal-narrative,,mörö kasa tïgo'mangzang nya serö waramadang bo,mörö	kaza	t-ko'mamï-zang	nya	serö	waramadang	po,,that	like	Adv-live-Pl.Nzr	1+3	this	Waramadong	Loc,Dem	P	N	Pro	Pro	N	P,,That's how we all live here at Waramadong,,DEM N POSTP,False,,inan,DEM+N,DEM N,False,obl,"5,6"
cc-praising-rhymes-6,aka,cc-praising-rhymes,,mörö gaza rï'kwö warawok mïre aburöuya mörö,mörö	kaza	rï'kwö	warawok	mïre	aburö-u-ya	mörö,,that	like	Dim	boy	child	praise-1-Erg	A.I.?,Dem	P	Pro	N	N	Vt	?,,This is how I would praise a boy child when he is small,,N N Vt,False,,hum,N+N,N N,True,p,"4,5"
ae-personal-narrative-033,aka,ae-personal-narrative,,serö nong bo,serö	nong	po,,this	earth	on,Pro	N	P	,,on this earth,,DEM N POSTP,False,,inan,DEM+N,DEM N,False,obl,"1,2"
ae-personal-narrative-064,aka,ae-personal-narrative,,nya ya rö se ji kashiri konega,nya	ya	rö	serö	ji	kajiri	konega,,1+3	Erg	Emph	this	Emph	cassava.beer	make,Pro	P	Prtcl	Pro	Prtcl	N	Vt	,,We make this thing called kashiri,,,,,,,,,,
claudine-bagot-personal-narrative-034,aka,claudine-bagot-personal-narrative,,mörau ji mörö maing nö na'nek,mörau	ji	mörö	maing	nö	nai-nek,,there	Emph	that	word	Emph	3.be.Pres-Rel,Adv	Prtcl	Dem	N	Prtcl	Vi-Rel,,There is always speech that is there,,DEM N PART,False,,inan,DEM+N,DEM N,False,s_nvp,"3,4"
claudine-bagot-personal-narrative-052,aka,claudine-bagot-personal-narrative,,kïrörö kïrö magoi se gaza rö mo'kaning dawong,kïrö-rö	kïrö	magoi	zerö	kaza	rö	mo'ka-ning	ta-wong,,3Sg.Anim-Cop?	3Sg.Anim	sin	this	like	Emph	take.away-A.Nzr	say-Nzr/Rel?,Dem	Pro	N	Pro	P	Prtcl	N	N	,,"It is only the sinful one (evil/satan)who can take you away suddenly, they say",,DEM N,False,,hum,DEM+N,DEM N,False,s_nvp,"2,3"
claudine-bagot-personal-narrative-087,aka,claudine-bagot-personal-narrative,,e'nongga rï'kwörö mörö yeburudong ya rö yereudanïgï a'tai e'nongga tawong ning,e'nongga	rï'kwö-rö	mörö	y-eburu-dong	ya	rö	y-ereuda-nïgï	a'tai	e'nongga	ta-wong	ning,,leave	Dim-Emph	that	1-boss-Pl	Erg	Emph	1-sit-Caus	when	leave	say-Nzr/Rel?	Emph,Vi	Adv?-Prtcl	Dem	N	P	Prtcl	Prs-Vi-VDer	Prtcl	Vi	N	Prtcl,,She has said I will leave when my bosses stop me,,DEM N ERG PART,False,,hum,DEM+N,DEM N,False,a,"3,4"
lester-eugene-personal-narrative-026,aka,lester-eugene-personal-narrative,,"kïrörö ji urö gïibïnï ji es'pï mörö kayuni, kayunirïgok nïgabö'tai tok ko",kïrö-rö	ji	urö	kïibïnï	ji	eji-'pï	mörö	kayuni	kayuni-gok	n-ka-bödï-dai	tok	ko,,3Sg.Anim-Emph	Emph	1Sg	father	Emph	be-Past	A.I.?	Kuyuni	Kuyuni-tribe	3S-say-Hab-Past	3Pl	Emph,Pro	Prtcl	Pro	N	Prtcl	Vi	?	N	N	Vi	Pro	Prtcl	,," He my father was from a tribe from Kayuni, so they always say",,,,,,,,,,
lester-eugene-personal-narrative-047,aka,lester-eugene-personal-narrative,,turonnö mïre bra yesh'pï,turonnö	mïre	bra	y-eji-'pï,,another	child	Neg	3-be-Past,N	N	Adv	Vi	,,there was no other child,,N N,False,,hum,N+N,N N,False,s_nvp,"1,2"
lester-eugene-personal-narrative-096,aka,lester-eugene-personal-narrative,,"uri'chang amök, ezugeng uri'chang amök seven gaijarö",uri'chang	amök	ezugeng	uri'chang	amök	gaijarö,,female	Pl	of.one.kind	female	Pl	in.number,N	Prtcl	Adv	N	Prtcl	Adv	,,"with seven girls, all of the same sex",,N PART ADV,True,PART,hum,ADV+N,N ADV,False,?,"4,6"
pingkas-personal-narrative-022,aka,pingkas-personal-narrative,,mörö wenong urö dauwa ning ji,mörö	winö-ng	urö	ta-u-wa	ning	eji,,that	from-Nzr	1Sg	say-1-Erg	Emph	be,Dem	N	Pro	Vt	Prtcl	Vi	,,I am saying that I am from there,,DEM N,False,,inan,DEM+N,DEM N,False,nvp,"1,2"
pingkas-personal-narrative-031,aka,pingkas-personal-narrative,,"mörau sa'ji urö enshi mang ko, mö tong bo",mörau	sa'ji	urö	enji	mang	ko	mörö	tong	po,,there	Emph	1Sg	daughter	3.be.Pres	Emph	that	town	Loc,Adv	Prtcl	Pro	N	Vi	Prtcl	Dem	N	P	,,There is my daughter who is in town (meaning Georgetown),,DEM N POSTP,False,,inan,DEM+N,DEM N,False,obl,"7,8"
pingkas-personal-narrative-037-pingkas-smith,aka,pingkas-personal-narrative,,"mainarï rï'kwörö, mö mainarï möng wïk pïragong bo mainarï mang",maina-ri	rï'kwö-rö	mörö	maina-ri	mörö-ng	wïk	pïragong	po	maina-ri	mang,,farm-Psd	Dim-Emph	that	farm-Psd	that-Style	mountain	ankle	Loc	farm-Psd	3.be.Pres,N	Adv?-Prtcl	Dem	N	Dem-?	N	N	P	N	Vi	,,"I do have a fram, there is my farm, over there!!! My farm is at the foot of the mountain",,DEM N,False,,inan,DEM+N,DEM N,False,s_nvp,"3,4"
pingkas-personal-narrative-057,aka,pingkas-personal-narrative,,serö rï'kwö rö maing sauro'nö na'nek eji wagïbe rö,serö	rï'kwö	rö	maing	saurogï-nnö	nai-nek	eji	wagï	pe	rö,,this	Dim	Emph	word	talk-1+2S	3.be.Pres-Rel	be	good	like	Emph,Pro	Pro	Prtcl	N	Vi	Vi-Rel	Vi	N	P	Prtcl	,,This language that we talk here is really good,,DEM PART PART N Vt,True,multiple,inan,DEM+N,DEM N,True,p,"1,4"
pingkas-personal-narrative-064,aka,pingkas-personal-narrative,,tu'ke rö tok maimu eji brazil bo kuru,tu'ke	rö	tok	maimu	eji	brazil	po	kuru,,many	Emph	3Pl	language	be	Brazil	Loc	Emph,Prtcl	Prtcl	Pro	N	Vi	N	P	Prtcl	,,There have several languages in Brazil in particular,,,,,,,,,,
pingkas-personal-narrative-068-interviewer,aka,pingkas-personal-narrative,,pandong rö penarokrï'pï?,pandong	rö	penarok-rï'pï,,story	Emph	old-Past.Psn,N	Prtcl	N	,,Even one that use to be an old story,,,,,,,,,,
ps-duck-story-007,aka,ps-duck-story,,wagïdong rö airö stori amök bu'töga'nïgï tok a be mang,wagï-dong	rö	airö	stori	amök	pu'tögabï-nïgï	tok	ya	pe	mang,,good-Pl	Emph	sympathy	story	Pl	forget-Caus	3Pl	Erg	like	3.be.Pres,N	Prtcl	Prtcl	N	Prtcl	Vi-VDer	Pro	P	P	Vi	,,It seems that they will be forgetting good stories,,,,,,,,,,
ps-duck-story-012,aka,ps-duck-story,,mai'kwak kïrö mai'kwak tuna gawong,mai'kwak	kïrö	mai'kwak	tuna	ka-wong,,duck	3Sg.Anim	duck	water	say-Nzr/Rel?,N	Pro	N	N	N	,,"The duck, the one that is in the water",,N DEM N,False,,hum,DEM+N,N DEM N,False,s_nvp,"1,2,3"
ps-duck-story-021,aka,ps-duck-story,,kïrö togodogo ya ji tïmainarï agïdï,kïrö	togodogo	ya	ji	t-maina-ri	agïdï,,3Sg.Anim	owl	Erg	Emph	3.Rfl-farm-PS	d	cut,Pro	N	P	Prtcl	N	Vt	,,The owl cut his farm,,DEM N ERG PART,False,,hum,DEM+N,DEM N,False,a,"1,2"
ps-duck-story-024,aka,ps-duck-story,,ösöbe kïrö mai'kwak eshi ösöbe shiyampiyan be shi ösö be ji,özö-be	kïrö	mai'kwak	eji	özö-be	shiyampiyan	pe	y-eji	özö	pe	y-eji,,serious-Attr	3Sg.Anim	duck	be	serious-Attr	champion	like	3-be	serious	like	3-be,A	Pro	N	Vi	A	N	P	Vi	N	P	Vi	,,"The duck was a very serious one, he was a serious champion",,DEM N,False,,hum,DEM+N,DEM N,False,s_nvp,"2,3"
ps-duck-story-026,aka,ps-duck-story,,"togodogo engurumïng... seau, tigingnö yöi ennogöiya",togodogo	engurumï-ng	serau	tiginnö	yöi	ennogï-i-ya,,owl	wait-Style	here	one	tree	send-3-Erg,N	Vi-?	Adv	Prtcl	N	Vt	,,"The owl wold just sit here, then he cut down one tree",,NUM N Vt,False,,inan,N+N,NUM N,True,p,"4,5"
ps-duck-story-032,aka,ps-duck-story,,kïrö ning mai'kwak eji mörö ösöbe shiyampiyan be ning shi shenubasak be yeshi,kïrö	ning	mai'kwak	eji	mörö	özö-be	shiyampiyan	pe	ning	y-eji	i-zenuba-zak	pe	y-eji,,3Sg.Anim	Emph	duck	be	A.I.?	serious-Attr	champion	like	Emph	3-be	3-learn-Perf	like	3-be,Pro	Prtcl	N	Vi	?	A	N	P	Prtcl	Vi	Vi	P	Vi	,,"But the duck is really a very serious one, he is a champion because he is one that is trained",,,,,,,,,,
ps-duck-story-034,aka,ps-duck-story,,a.. a.. pïse tok ewo'pï nosamishi pada bong ning ji tok ewo'pï,a	a	pïze	tok	ewo'pï	nosami'chi	pada	po-ng	ning	ji	tok	ewo'pï,,ah	ah	this.Anim	3Pl	mother.in.law	old	place	Loc-Nzr	Emph	Emph	3Pl	mother.in.law,Prtcl	Prtcl	Pro	Pro	N	N	N	N	Prtcl	Prtcl	Pro	N	,,"Then here is their mother-in-law an old woman who was at home, their mother-in-law",,DEM N N,False,,hum,DEM+N,DEM N N,False,s_nvp,"3,5,6"
ps-duck-story-039,aka,ps-duck-story,,möra'tai ji mai'kwak dundagabï kïrö togodogo rawörö,möra'tai	ji	mai'kwak	tunda-gabï	kïrö	togodogo	rawörö,,at.that.time	Emph	duck	travel-Cmpltv	3Sg.Anim	owl	before,Pro	Prtcl	N	Vi	Pro	N	P	,,Then the duck would journey back before the owl,,DEM N POSTP,False,,hum,DEM+N,DEM N,False,obl,"5,6"
ps-duck-story-043,aka,ps-duck-story,,kïrö no'sangshi ya,kïrö	no'sami'chi	ya,,3Sg.Anim	old	Erg,Pro	N	P	,,By she the old woman,,DEM N ERG,False,,hum,DEM+N,DEM N,False,a,"1,2"
ps-duck-story-047,aka,ps-duck-story,,kïrö ji togodogo pada go'manï'ning ingurungnöbök ning te'seng,kïrö	ji	togodogo	pada	ko'manïgï-ning	ingurumï-nöbök	ning	t-eji-zeng,,3Sg.Anim	Emph	owl	place	keep-A.Nzr	stay.still-Prog	Emph	Adv-be-Abs.Nzr,Pro	Prtcl	N	N	N	Vi	Prtcl	N	,,Then that owl the one who spent his time resting,,,,,,,,,,
ps-duck-story-058,aka,ps-duck-story,,"e'tane shi turonggong a, turonggong a shi mïgï mörö mai'kwak mainarï ene'pï",e'tane	ji	turonnö-gong	ya	turonnö-gong	ya	ji	mïgï	mörö	mai'kwak	maina-ri	ene-'pï,,so	Emph	another-Pl	Erg	another-Pl	Erg	Emph	Hes	that	duck	farm-PS	d	see-Past,Prtcl	Prtcl	N	P	N	P	Prtcl	Prtcl	Dem	N	N	Vi	,,"Then other people, the other people saw the duck's farm",,DEM N Vt,False,,inan,DEM+N,DEM N,True,p,"9,10"
ps-duck-story-061,aka,ps-duck-story,,a.. kïrö ning mïgï mörö mai'kwak manengbazai'ya mörö,a	kïrö	ning	mïgï	mörö	mai'kwak	manengba-zak-i-ya	mörö,,ah	3Sg.Anim	Emph	Hes	that	duck	make.angry-Perf-3-Erg	A.I.?,Prtcl	Pro	Prtcl	Prtcl	Dem	N	Vt	?	,,She had already made the duck angry,,DEM N Vt,False,,hum,DEM+N,DEM N,True,p,"5,6"
ps-duck-story-067,aka,ps-duck-story,,"aikor'kwö wijagong, mïre rï'kwö önïk rönamo uri'shang mïre rï'kwö rö namo",aigo	rï'kwö	wijagong	mïre	rï'kwö	önïk	rönamo	uri'chang	mïre	rï'kwö	rö	namo,,small	Dim	other	child	Dim	who	uncrtn	female	child	Dim	Emph	Uncrtnty,N	Pro	N	N	Pro	Pro	Prtcl	N	N	Pro	Prtcl	Prtcl	,,"The partner who accompanied her was small, maybe she was a small girl",,N N,False,,hum,N+N,N N,False,nvp,"8,9"
ps-duck-story-067,aka,ps-duck-story,,"aikor'kwö wijagong, mïre rï'kwö önïk rönamo uri'shang mïre rï'kwö rö namo",aigo	rï'kwö	wijagong	mïre	rï'kwö	önïk	rönamo	uri'chang	mïre	rï'kwö	rö	namo,,small	Dim	other	child	Dim	who	uncrtn	female	child	Dim	Emph	Uncrtnty,N	Pro	N	N	Pro	Pro	Prtcl	N	N	Pro	Prtcl	Prtcl	,,"The partner who accompanied her was small, maybe she was a small girl",,N N,False,,hum,N+N,N N,False,s_nvp,"3,4"
ps-duck-story-078,aka,ps-duck-story,,möra'tai kïrö no'sanshi döga'pï shi maina ak,möra'tai	kïrö	no'sami'chi	tö-gabï-'pï	ji	maina	yak,,at.that.time	3Sg.Anim	old	go-Cmpltv-Past	Emph	farm	into,Pro	Pro	N	Vi	Prtcl	N	P	,,Then she the old woman went into the farm,,DEM N,False,,hum,DEM+N,DEM N,False,s,"2,3"
ps-duck-story-082,aka,ps-duck-story,,kïrö no'sanshi esh'pï ingge chiya maina ya ji giororo'kasak,kïrö	no'sami'chi	eji-'pï	ingge	chiya	maina	ya	ji	i-kororo'ka-zak,,3Sg.Anim	old	be-Past	long.time	far.away	farm	Erg	Emph	3-envelop-Perf,Pro	N	Vi	Adv	Pro	N	P	Prtcl	Vt	,,"She the old woman spent a long time there, because the farm had enclosed her",,DEM N,False,,hum,DEM+N,DEM N,False,s_nvp,"1,2"
ps-duck-story-084,aka,ps-duck-story,,haing! kïrö shi wishagong nöma mörö kasa nöma shi biögörö tiano'maka'pï röma rö,haing	kïrö	ji	ijagong	röma	mörö	kaza	röma	ji	i-pögörö	i-tano'ma-gabï-'pï	röma	rö,,sudden.absence	3Sg.Anim	Emph	partner	also	that	like	also	Emph	3-after	3-get.lost-Cmpltv-Past	also	Emph,SW	Pro	Prtcl	N	?	Dem	P	?	Prtcl	P	Vi	?	Prtcl	,,haing!(expression describing sudden absence)then her partner in a similar manner went after her and also got lost,,,,,,,,,,
ps-duck-story-086,aka,ps-duck-story,,"kïrö mai'kwak sagorobasai'ya mörö, iwobiya'masai'ya ning mörö",kïrö	mai'kwak	sagoroba-zak-i-ya	mörö	i-wobiya'ma-zak-i-ya	ning	mörö,,3Sg.Anim	duck	make.angry-Perf-3-Erg	A.I.?	3-curse-Perf-3-Erg	Emph	A.I.?,Pro	N	Vt	?	Vt	Prtcl	?	,,"Now she had made the duck angry, so he had really cursed her with witchcraft",,DEM N Vt,False,,hum,DEM+N,DEM N,True,p,"1,2"
ps-duck-story-087,aka,ps-duck-story,,"a.. weruji be no'sanshi dö mörö, eruwö kïrö rï'kwö ne'pö'ai'nek pe wishagong",a	weruji	pe	no'sami'chi	tö	mörö	eruwö	kïrö	rï'kwö	n-eji-bödï-aik-nek	pe	ijagong,,ah	dove	like	old	go	A.I.?	small.dove	3Sg.Anim	Dim	3S-be-Hab-Pres-Rel	like	partner,Prtcl	N	P	N	Vi	?	N	Pro	Pro	Prs-Vi-Asp-TAM-Rel	P	N	,,The old woman turn into a dove and that is how she kept going and her partner went as an eruwö(smaller species of dove) bird,,N DEM EMP,False,,anim,DEM+N,N DEM,False,nvp,"7,8"
r-personal-narrative-014,aka,r-personal-narrative,,"tu'ke rö za'ne agarangse'na, tu'kanggong sa'ne mïre ank (amök) rö",tu'ke	rö	sa'ne	a-gwaramï-ze'na	tu'kang-gong	sa'ne	mïre	amök	amök	rö,,many	Emph	Emph	A-cry-Purp	several-Pl	Emph	child	Pl	Pl	Emph,Prtcl	Prtcl	Prtcl	??-Vi-VDer	N	Prtcl	N	Prtcl	Prtcl	Prtcl	,,"""Many of us to cry,even the many children",,,,,,,,,,
r-personal-narrative-022,aka,r-personal-narrative,,"wagï genïk so'chi dau eji'ma, e'nek au rö tïwe'kïngmaik tugo'mangzanggong genïk amörö'nogong kabai e'aik",wagï	genïk	jo'chi	tau	eji-i'ma	e'nek	yau	rö	t-e'-kïngma-ik	t-go'mamï-zang-gong	genïk	amörö-'nogong	ga-bai	eji-aik,,good	specifically	church	within	be-While	sick	in	Emph	Adv-Detr-hurt-Prtcpl	Adv-live-Pl.Nzr-Pl	Mirative	2Sg-Pl	say-Desid	be-Pres,N	Prtcl	N	P	Vi-?	N	P	Prtcl	?-Vi-Vder	N	Prtcl	Pro	Adv	Vi	,,"Although you are in a good church, all of you seem to live while hurting, I want to say",,N PART N POSTP,True,PART,inan,N+N,N N,False,obl,"1,3"
r-personal-narrative-032,aka,r-personal-narrative,,möröbanggong ji winnö wagïrö maing edaze'na yi'sak tugaik eji,möröbang-gong	ji	winö	wagï-rö	maing	eda-ze'na	yebï-zak	t-ka-ik	eji,,thereafter-Pl.Abs	Emph	from	good-Emph	word	hear-Purp	come-Perf	Adv-say-Prtcpl	be,N	Prtcl	P	N	N	Adv	Vi	?-Vi-Vder	Vi	,,So I thought I was coming to hear good words from people like those,,N PART N,True,PART,inan,N+N,N N,False,p,"4,5"
r-personal-narrative-042,aka,r-personal-narrative,,"e'tane wagï rö kenïk a'ai eji'pï mörau,",e'tane	wagï	rö	kenïk	a'ai	eji-'pï	mörau,,however	good	Emph	Purp	mother	be-Past	there,Prtcl	N	Prtcl	P?	N	Vi	Adv	,,"However, there was one mother who was good",,,,,,,,,,
r-personal-narrative-043,aka,r-personal-narrative,,paba enau kuru genïk eji'nïnggenak rö kenïk a'ai esh'pï mörau,paba	enau	kuru	genïk	eji'nïng-genak	rö	genïk	a'ai	eji-'pï	mörau,,father	in.hand	Emph	Mirative	love-one.who.has	Emph	Mirative	mother	be-Past	there,N	P	Prtcl	Prtcl	N	Prtcl	Prtcl	N	Vi	Adv	,,There was a mother who was loving and in the hands of the 'great father,,,,,,,,,,
ra-eagle-story-001,aka,ra-eagle-story,,"mïgï ganang pandong bek i'tuning amö ti'tuik pra rö? tu'ke rï'kwö rö, pandong bek i'tuning amö? wagïdong sa'ne bandomïigong te'seng",mïgï	kanang	pandong	bek	i'tu-ning	amö	t-i'tu-ik	bra	rö	tu'ke	rï'kwö	rö	pandong	bek	i'tu-ning	amö	wagï-dong	sa'ne	pandong-i-gong	t-eji-zeng,,this	again	story	QP	know-A.Nzr	2SgQ	Adv-know-Prtcpl	Neg	Emph	many	Dim	Emph	story	QP	know-A.Nzr	2SgQ	good-Pl	Emph	story-Psd-Pl.Psr	Adv-be-Abs.Nzr,Pro	Pro	N	Prtcl	N	Pro	?-Vt-Vder	Adv	Prtcl	Prtcl	Pro	Prtcl	N	Prtcl	N	Pro	N	Prtcl	N	N	,,"Do you know all types of stories, do you know many stories. We have wonderful stories",,,,,,,,,,
ra-eagle-story-008,aka,ra-eagle-story,,"möra'tai ji emujimö e'pödï'pï sairö wïk po mörö ömujimö ege, kïrörö",möra'tai	ji	emujimö	eji-bödï-'pï	sairö	wïk	po	mörö	ömujimö	ege	kïrö-rö,,at.that.time	Emph	eagle	be-Iter-Past	here	mountain	on	that	eagle	big	3Sg.Anim-Cop?,Pro	Prtcl	N	Vi	Adv	N	P	Dem	N	N	Dem	,,"At that time there was an eagle here on the mountain, a big eagle that one",,DEM N N,False,,anim,DEM+N,DEM N N,False,s_nvp,"8,9,10"
ra-eagle-story-019,aka,ra-eagle-story,,mïgï sa'ne ji tok u'ma'kabï kïrö torong ya tok u'madï ya engmingga'pï,mïgï	sa'ne	ji	tok	u'madï-gabï	kïrö	torong	ya	tok	u'madï	ya	engmingga-'pï,,this	Emph	Emph	3Pl	deplete-Cmpltv	3Sg.Anim	bird	Erg	3Pl	finish	Erg	make.think-Past,Pro	Prtcl	Prtcl	Pro	Vt	Pro	N	P	Pro	Vt	P	Vt	,,"The numbers of the people were depleting because the bird was finishing them off, this made him think",,DEM N ERG,False,,anim,DEM+N,DEM N,False,a,"6,7"
ra-eagle-story-022,aka,ra-eagle-story,,"diurumï mörö kïrö piyang yebï a'tai kuru, wa'ka durumbödï'pï",i-turumï	mörö	kïrö	piyang	yebï	a'tai	kuru	wa'ka	turumï-bödï-'pï,,3-play	A.I.?	3Sg.Anim	hawk	come	when	Emph	axe	play-Iter-Past,Vi	?	Pro	N	Vi	Prtcl	Prtcl	N	Vi	,,"It played especially when the eagle was coming, the axe use to play",,DEM N,False,,anim,DEM+N,DEM N,False,s,"3,4"
ra-eagle-story-032,aka,ra-eagle-story,,höp! dioimabödïiya tamboro mörö wïktong amök yarekadaneiya tutötok i'tuiya bra ji mörau ta tok a,höp	i-toima-bödï-i-ya	tamboro	mörö	wïk-dong	amök	yareka-dane-i-ya	t-tö-dok	i'tu-i-ya	bra	ji	mörau	ta	tok	ya,,take.off	3-rotate-Iter-3-Erg	all	that	mountain-Pl	Pl	finish-while-3-Erg	3.Rfl-go-Nzr	know-3-Erg	Neg	Emph	there	say	3Pl	Erg,SW	Vt	Adv	Dem	N	Prtcl	Vt	N	Vt	Adv	Prtcl	Adv	Vt	Pro	P	,,"höp! He took him round and round all the mountains, but he did not know where he was going then, they say",,DEM N PART Vt,False,,inan,DEM+N,DEM N,True,p,"4,5"
ra-eagle-story-034,aka,ra-eagle-story,,Eneboro'pï se wïk ezek Eneboro'pï,Eneboro'pï	se	wïk	ezek	Eneboro'pï,,Eneboro'pï	this	mountain	name	Eneboro'pï,N	Dem	N	N	N	,,The name of this mountain was Eneboro'pï,,DEM N,False,,inan,DEM+N,DEM N,False,?,"2,3"
ra-eagle-story-038,aka,ra-eagle-story,,möra'tai ji kïrö ji piyang abö'ka'sai'ya tabiri aranggasakak,möra'tai	ji	kïrö	ji	piyang	abö'kabï-zak-i-ya	t-abiri	arangga-zak-i-ya-k,,at.that.time	Emph	3Sg.Anim	Emph	hawk	tire-Perf-3-Erg	3.Rfl-wing	unfold-Perf-3-Erg-Style,Pro	Prtcl	Pro	Prtcl	N	Vi	N	Vt-TAM-Prs-Agr-?	,,"At that time, the tired giant hawk open up his wings",,,,,,,,,,
ra-kone-o-story-008,aka,ra-kone-o-story,,kone'o a mïgï mörö kabïi u'ma'sak a'tai ja'neng ingbö i'mozak gaza te'seng mö go,kone'o	ya	mïgï	mörö	kabïi	u'madï-zak	a'tai	sa'ne-ng	imbö	i'mo-zak	kaza	t-eji-zeng	mörö	ko,,rabbit	Erg	Hes	that	moon	deplete-Perf	when	Emph-Style	soury.nut	split-Perf	like	Adv-be-Abs.Nzr	that	Emph,N	P	Prtcl	Dem	N	Vt	Prtcl	Prtcl	N	Vt	P	N	Dem	Prtcl	,,"Kone'o did, do you know how the moon looks at month end, it looks like a a soury nut that is cut in half",,DEM N Vt,False,,inan,DEM+N,DEM N,True,p,"4,5"
ra-kone-o-story-010,aka,ra-kone-o-story,,möra'tai ji kaiguze a eboro mörö kone'o ji eboroiya,möra'tai	ji	kaiguji	ya	eboro	mörö	kone'o	ji	eboro-i-ya,,at.that.time	Emph	jaguar	Erg	find	that	rabbit	Emph	find-3-Erg,Pro	Prtcl	N	P	Vt	Dem	N	Prtcl	Vt	,,At that time the tiger came along and found him doing this,,DEM N PART Vt,False,,hum,DEM+N,DEM N,True,p,"6,7"
ra-kone-o-story-022,aka,ra-kone-o-story,,möra'tai ji mïgï mörö kaiguji ya ji omba'pï gia'nö be imbö sa'ne ji öp.. öp.. haing... za,möra'tai	ji	mïgï	mörö	kaiguji	ya	ji	omba-'pï	gia'nö	pe	imbö	sa'ne	ji	öp	öp	haing	sa'ne,,at.that.time	Emph	Hes	that	jaguar	Erg	Emph	taste-Past	tasty	like	soury.nut	Emph	Emph	surpise	surpise	drama	Emph,Pro	Prtcl	Prtcl	Dem	N	P	Prtcl	Vt	N	P	N	Prtcl	Prtcl	SW	SW	SW	Prtcl	,,Then the tiger tasted the imbö nuts and they were very sweet,,DEM N ERG,False,,hum,DEM+N,DEM N,False,a,"4,5"
ra-kone-o-story-028,aka,ra-kone-o-story,,"mörörö marö i'mobödïiya doh! i'moiya ning, ku i'moiya ning kïrö kone'o ya ganang",mörö-rö	marö	i'mo-bödï-i-ya	doh	i'mo-i-ya	ning	kuru	i'mo-i-ya	ning	kïrö	kone'o	ya	kanang,,that-Emph	also	split-Iter-3-Erg	break	split-3-Erg	Emph	Emph	split-3-Erg	Emph	3Sg.Anim	rabbit	Erg	again,Dem	Interj	Vt	SW	Vt	Prtcl	Prtcl	Vt	Prtcl	Pro	N	P	Pro	,,"He was again cracking/bursting up the same imbö nuts doh!(SSW), this was kone'o again cracking up these nuts",,DEM N ERG,False,,hum,DEM+N,DEM N,False,a,"10,11"
ra-kone-o-story-030,aka,ra-kone-o-story,,e'tane kuru mïgï mörö kone'o a inggu'töbödï ji,e'tane	kuru	mïgï	mörö	kone'o	ya	inggu'tö-bödï	ji,,but	Emph	Hes	that	rabbit	Erg	fool-Hab	Emph,Prtcl	Prtcl	Prtcl	Dem	N	P	Vt	Prtcl	,,But it was during this time that kone'o was making him a fool,,DEM N ERG,False,,hum,DEM+N,DEM N,False,a,"4,5"
ra-kone-o-story-035,aka,ra-kone-o-story,,iwenairö genïk ji mörö diemu wenairö i'mobödïiya mörö doh!... doh! warau.. sebang sa'ne,i-wenai-rö	genïk	ji	mörö	i-emu	wenai-rö	i'mo-bödï-i-ya	mörö	doh	doh	warau	serö-be-ang	sa'ne,,3-close.to-Emph	specifically	Emph	that	3-testicles	close.to-Emph	split-Iter-3-Erg	A.I.?	break	break	open	this-Attr-Nzr	Emph,Prs-P-Prtcl	Prtcl	Prtcl	Dem	N	P	Vt	?	SW	SW	SW	N	Prtcl	,,"He was bursting up the nuts very close to his testicles doh! doh! warau! (it opened up) ""This is how it is done""",,DEM N POSTP,False,,inan,DEM+N,DEM N,False,obl,"4,5"
ra-kone-o-story-047,aka,ra-kone-o-story,,aanöuya zerö da'pï ji mïgï mörö iwarga bök chi kaiguze a aanöuya zerö,a-anö-u-ya	serö	ta-'pï	ji	mïgï	mörö	iwarga	pök	ji	kaiguji	ya	a-anö-u-ya	serö,,2-eat.meat-1-Erg	S.I.	say-Past	Emph	Hes	that	monkey	to	Emph	jaguar	Erg	2-eat.meat-1-Erg	S.I.,Vt	Prtcl	Vt	Prtcl	Prtcl	Dem	N	P	Prtcl	N	P	Vt	Prtcl	,,"I am going to eat you said the tiger to the monkey, I am going to eat you",,DEM N POSTP PART,False,,hum,DEM+N,DEM N,False,obl,"6,7"
ra-kone-o-story-069,aka,ra-kone-o-story,,möröbang ji se paga a'chijai'ya es'pï mörö wa,möröbang	ji	serö	paga	a'chi-zak-i-ya	eji-'pï	mörö	wa,,thereafter	Emph	this	cow	hold-Perf-3-Erg	be-Past	A.I.?Erg,N	Prtcl	Pro	N	Vt	Vi	?	P	,,"Then he (kone'o) held on to one of the rock cows, he was there",,DEM N Vt,False,,inan,DEM+N,DEM N,True,p,"3,4"
ra-personal-narrative-061,aka,ra-personal-narrative,,möra'tai ji serö kamrang,möra'tai	ji	serö	kamrang,,at.that.time	Emph	this	Kamarang,Pro	Prtcl	Pro	N	,,Then this kamarang,,DEM N,False,,inan,DEM+N,DEM N,False,?,"3,4"
ra-personal-narrative-062,aka,ra-personal-narrative,,"ya'mu gau urö endu'pï ji mörö, San Rafeal ta na'nek airö kuru se kamrang u'madï yau",y-a'mu	kau	urö	endu-'pï	ji	mörö	ta	nai-nek	airö	kuru	serö	kamrang	u'madï	yau,,3-source	in.water	1Sg	be.born-Past	Emph	A.I.?	say	3.be.Pres-Rel	near	Emph	this	Kamarang	finish	Loc,N	P	Pro	Vi	Prtcl	?	Vt	Vi-Rel	P	Prtcl	Pro	N	Vt	P	,,Within its source I was born in what is known as San Rafeal which is really within the source of the kamarang river,,DEM N,False,,inan,DEM+N,DEM N,False,obl,"11,12"
ra-personal-narrative-077,aka,ra-personal-narrative,,mörö bada'pï yak elda Kaskarang ye'pï mörö sungwa ji nya e'tane sairö,mörö	pada-'pï	yak	elda	Kaskarang	yebï-'pï	mörö	sungwa	ji	nya	eji-dane	sairö,,that	place-Past	into	Elder	Kaskarang	come-Past	that	far.away	Emph	1+3	be-while	here,Dem	N	P	N	N	Vi	Dem	Adv	Prtcl	Pro	Vi	Adv	,,Then to replace him elder Kaskarang came while we were somewhere around there,,N N,False,,hum,N+N,N N,False,s,"4,5"
ra-personal-narrative-097,aka,ra-personal-narrative,,"sungwarönggong dö mörö nine, ten ya'tai tok dö wiinai, tumong ya'tai ta mö serö ji tumong a'tai e'nö, june month ya'tai",sungwarö-ng-gong	tö	mörö	a'tai	tok	tö	wïinai	tumong	a'tai	ta	mörö	zerö	ji	tumong	a'tai	eji-nnö	a'tai,,far.away-Nzr-Pl.Abs	go	A.I.?	when	3Pl	go	during.the.day	rainy.season	when	say	A.I.?	this	Emph	rainy.season	when	be-1+2S	while,N	Vi	?	Prtcl	Pro	Vi	Pro	N	Prtcl	Vt	?	Pro	Prtcl	N	Prtcl	Vi	Prtcl	,,"Those akushy ants over there would fly at nine, ten in the day, during the rainy season, we are now in the rainy season, it is June month",,,,,,,,,,
ra-personal-narrative-110,aka,ra-personal-narrative,,mörö anö tok a mörö kagorgok amök ya mörö ji waiga amök pe rönamo ji,mörö	anö	tok	ya	mörö	Kako-gok	amök	ya	mörö	ji	wai'ka	amök	be	rönamo	ji,,that	eat.meat	3Pl	Erg	that	Kako-tribe	Pl	Erg	that	Emph	Akawaio	Pl	like	uncrtn	Emph,Dem	Vt	Pro	P	Dem	N	Prtcl	P	Dem	Prtcl	N	Prtcl	P	Prtcl	Prtcl	,,The people from Kako (kagorgoks) eat those and maybe they do this as an Akawaio(wai'ka),,DEM N PART ERG,False,,hum,DEM+N,DEM N,False,a,"5,6"
ra-personal-narrative-136,aka,ra-personal-narrative,,möröwenai maing kuru wagï bra rö ji damörö mörörö ji tugaik na'kö tok ya auro'kazak nai e'tane,mörö	wenai	maing	kuru	wagï	bra	rö	ji	tamö-rö	mörö-rö	ji	tugaik	na'kö	tok	ya	auro'ka-zak	nai	e'tane,,that	because	word	Emph	good	Neg	Emph	Emph	you.know-Emph	that-Emph	Emph	like	maybe	3Pl	Erg	tell-Perf	3.be.Pres	but,Dem	P	N	Prtcl	N	Adv	Prtcl	Prtcl	Prtcl	Dem	Prtcl	P	Adv	Pro	P	Vt	Vi	Prtcl	,,"This is why there is really no good language, maybe they have also told you so, but",,,,,,,,,,
ra-personal-narrative-137,aka,ra-personal-narrative,,mörö ning wiik e'tane egamauya mörö mörö yago're,mörö	ning	wiik	e'tane	egama-u-ya	mörö	mörö	yago're,,that	Emph	while	however	tell-1-Erg	A.I.?	that	brother.in.law,Dem	Prtcl	Pro	Prtcl	Vt	?	Dem	N	,,"However, while this is so, I am telling you about yago're",,DEM N,False,,hum,DEM+N,DEM N,False,p,"7,8"
ra-personal-narrative-138,aka,ra-personal-narrative,,mörö yau rö yago're da dok a mörö turonggong ya rö mörau rö yago're ta dok ya rö tudombagong ezagï tok a,mörö	yau	rö	yago're	ta	tok	ya	mörö	turonnö-gong	ya	rö	mörau	rö	yago're	ta	tok	ya	rö	t-tomba-gong	ezagï	tok	ya,,that	Loc	Emph	brother.in.law	say	3Pl	Erg	Fut	another-Pl	Erg	Emph	there	Emph	brother.in.law	say	3Pl	Erg	Emph	3.Rfl-relative-Pl.Psr	name	3Pl	Erg,Dem	P	Prtcl	N	Vt	Pro	P	Prtcl	N	P	Prtcl	Adv	Prtcl	N	Vt	Pro	P	Prtcl	N	Vt	Pro	P	,,"Within there some others would say yago're, this is how they would call their relative",,,,,,,,,,
ra-personal-narrative-154,aka,ra-personal-narrative,,i'au biaruji ji mörö Sebel mörau biyau tok dösak egebe,i-'au	i-paruji	ji	mörö	Sebel	mörau	piyau	tok	tö-zak	ege-be,,3-in.possession	3-younger.sister	Emph	that	Cebel	there	near.to	3Pl	go-Perf	big-Attr,P	N	Prtcl	Dem	N	Adv	P	Pro	Vi	A	,,"With him is his sister Cebel, they have gone there in great numbers",,N PART DEM N,True,PART,hum,DEM+N,N DEM N,False,obl,"2,5"
ra-personal-narrative-157,aka,ra-personal-narrative,,iwangbe tok eji tok enubaning bra tugaik serö yau maing eji mörö maing,iwang-be	tok	eji	tok	enuba-ning	bra	tugaik	serö	yau	maing	eji	mörö	maing,,hunger-Attr	3Pl	be	3Pl	teach-A.Nzr	Neg	like	this	Loc	word	be	that	word,A	Pro	Vi	Pro	N	Adv	P	Pro	P	N	Vi	Dem	N	,,There is word here that they are hungry and there is no one to teach them,,,,,,,,,,
ra-personal-narrative-166,aka,ra-personal-narrative,,serau rï'kwörö nai aigorkwö wan e'ka mang serau kwö aigo,serau	rï'kwö-rö	nai	aigo	rï'kwö	wan	e'ka	mang	serau	rï'kwö	aigo,,here	Dim-Emph	3.be.Pres	small	Dim	one	acres	3.be.Pres	here	Dim	small,Adv	Adv?-Prtcl	Vi	N	Pro	Prtcl	N	Vi	Adv	Pro	N	,,"Here , there is only a small one, it is one acre",,N PART PART N,True,multiple,inan,N+N,N N,False,nvp,"4,7"
ra-personal-narrative-190,aka,ra-personal-narrative,,"pagira, pöinggö, urana, aku kamorö a kuru mïgï mörö egi yögu",pagira	pöinggö	urana	agu	kamoro-rö	ya	kuru	mïgï	mörö	egi	ögu,,peccary	wild.hog	paca	agouti	3.Pl.Anim-Emph	Erg	Emph	Hes	that	cassava	eat.cassava,N	N	N	N	Pro	P	Prtcl	Prtcl	Dem	N	Vt	,,"The wild hog, the rodent urana, the aguti, these are the ones that eat the cassava",,DEM N Vt,False,,inan,DEM+N,DEM N,True,p,"9,10"
ra-personal-narrative-193,aka,ra-personal-narrative,,"serau ji tok eji mörö, kïrörörö urana a ögu mörö",serau	ji	tok	eji	mörö	kïrö-rö-rö	urana	ya	ögu	mörö,,here	Emph	3Pl	be	A.I.?	3Sg.Anim-Emph-Emph	paca	Erg	eat.cassava	A.I.?,Adv	Prtcl	Pro	Vi	?	Pro-Prtcl-Prtcl	N	P	Vt	?	,,"Here, they have the rodent urana, he eat the cassava",,DEM PART N ERG,True,PART,anim,DEM+N,DEM N,False,a,"6,7"
ra-personal-narrative-208,aka,ra-personal-narrative,,tri gaijarö imunggö amök ennaga'sak tugaik etauya,tri	gaijarö	mung-gö	amök	enna-gabï-zak	tugaik	eda-u-ya,,three	in.number	nest-Imper	Pl	nose-Cmpltv-Perf	like	hear-1-Erg,Prtcl	Adv	N	Prtcl	N	P	Vt	,,I have heard that she has three children,,NUM ADV N PART Vt,False,,anim,N+N,NUM ADV N,True,p,"1,2,3"
ra-personal-narrative-225,aka,ra-personal-narrative,,möröwenai mïgï zerö pogoi bök eji,mörö	wenai	mïgï	serö	pogoi	pök	eji,,that	because	Hes	this	sadness	from	be,Dem	P	Prtcl	Pro	N	P	Vi	,,That is why I am suffering from saddness,,DEM N POSTP,False,,inan,DEM+N,DEM N,False,obl,"4,5"
ra-personal-narrative-238,aka,ra-personal-narrative,,mörö mïgï biri'ning be ah... mïgï ya pasta ya diegare egama,mörö	mïgï	pirigï-ning	pe	ah	mïgï	ya	pasta	ya	i-egare	egama,,that	Hes	add.more-A.Nzr	like	ah	this	Erg	Pastor	Erg	3-sermon	tell,Dem	Prtcl	N	P	Interj	Pro	P	N	P	N	Vt	,,To add to this (HES) the pastor preached a sermon,,DEM ERG N ERG,True,ERG,hum,DEM+N,DEM N,False,a,"6,8"
ra-personal-narrative-246,aka,ra-personal-narrative,,seröbe tri gaijarö mö agï'sau'ya mörö sungwa,serö-be	tri	gaijarö	mö	agïdï-zak-u-ya	mörö	sungwa,,this-Attr	three	in.number	farm	cut-Perf-1-Erg	A.I.?	far.away,A	Prtcl	Adv	N	Vt	?	Adv	,,Presently I have cut down three farms over there,,NUM ADV N Vt,False,,inan,N+N,NUM ADV N,True,p,"2,3,4"
ra-personal-narrative-251,aka,ra-personal-narrative,,"kane kïrö mïre aröuwa ba ganang dö ya'körö, janek mïre",kane	kïrö	mïre	arö-u-wa	pa	kanang	tö	y-a'körö	janek	mïre,,no	3Sg.Anim	child	carry-1-Erg	grandchild	again	go	1-Assoc	Janet	child,?	Pro	N	Vt	N	Pro	Vi	P	N	N	,,"No, I am carrying my child, my grandchild is going with me, Janet's child",,DEM N Vt,False,,hum,DEM+N,DEM N,True,p,"2,3"
ra-personal-narrative-262,aka,ra-personal-narrative,,möröwenai ko'mamï dauya mö tigingnö biada bra go'mamï,mörö	wenai	ko'mamï	ta-u-ya	mörö	tiginnö	i-pada	bra	ko'mamï,,that	because	live	say-1-Erg	A.I.?	one	3-place	Neg	live,Dem	P	Vi	Vt	?	Prtcl	N	Adv	Vi	,,That is why I live without one place of abode,,NUM N,False,,inan,N+N,NUM N,False,?,"6,7"
ra-personal-narrative-263,aka,ra-personal-narrative,,möröwenai mörö ji köik amök go'mangbödï'pï sa'ne ji prarö ji tauya mö se au ji zemo'kazak ke,mörö	wenai	mörö	ji	köik	amök	ko'mamï-bödï-'pï	sa'ne	ji	bra-rö	y-eji	ta-u-ya	mörö	serö	yau	ji	semo'ka-zak	ke,,that	because	that	Emph	old.man	Pl	live-Iter-Past	Emph	Emph	Neg-Emph	3-be	say-1-Erg	that	this	Loc	Emph	grow.up-Perf	Instr,Dem	P	Dem	Prtcl	N	Prtcl	Vi	Prtcl	Prtcl	Prtcl	Vi	Vt	Dem	Pro	P	Prtcl	Vi	P	,,"That is why I say that the old customs of the old men is non existent, because I grew up here",,DEM PART N PART,True,PART,hum,DEM+N,DEM N,False,posr,"3,5"
ra-piya-ma-story-009,aka,ra-piya-ma-story,,"mïre amök mo'kabödï'pï iyaang, tri for gaijarö mïre amök arö iya.",mïre	amök	mo'ka-pödï-'pï	i-ya-ng	tri	for	gaijarö	mïre	amök	arö	i-ya,,child	Pl	take.away-Iter-Past	3-Erg-Style	three	four	in.number	child	Pl	carry	3-Erg,N	Prtcl	Vt	Prs-P-?	Prtcl	Prtcl	Adv	N	Prtcl	Vt	P	,,"He use to take away the children, sometimes three and four in number, he will take them away",,NUM NUM ADV N PL Vt,False,,hum,N+N,NUM NUM ADV N,True,p,"5,6,7,8"
ra-piya-ma-story-041,aka,ra-piya-ma-story,,"möröbang ji mïgï mörö tïbïre a'körö se konegazai'ya es'pï, yöi bök diebu shi, sairong bök diebu shi",möröbang	ji	mïgï	mörö	tï-pïre	a'körö	se	konega-zak	i-ya	eji-'pï	yöi	bök	i-ebu	ji	sairong	bök	i-ebu	ji,,thereafter	Emph	Hes	that	3Rfl-arrow	Instr	this	make-Perf	3-Erg	be-Past	stick	on	3-handle	Emph	around.here	on	3-handle	Emph,N	Prtcl	Prtcl	Dem	N	P	Dem	Vt	P	Vi	N	P	N	Prtcl	N	P	N	Prtcl	,,"Then she had made the charm that was placed onto a stick with a handle, it attached to the handle",,DEM N POSTP,False,,inan,DEM+N,DEM N,False,obl,"4,5"
